approved_symbol,hgnc_id,gene_name_reported,source,Publication_count
ABCC6,HGNC:57,ABCC6,PMID_35325889 | PMID_30476936,2
ABCC8,HGNC:59,ABCC8,PMID_35325889,1
ABCD4,HGNC:68,ABCD4,PMID_30476936,1
ABCG2,HGNC:74,ABCG2,PMID_35325889,1
ACE,HGNC:2707,ACE,PMID_35325889 | PMID_34264297 | PMID_36035137 | PMID_33664247 | PMID_30476936 | PMID_31509055 | PMID_31822006 | PMID_31027891 | PMID_26862157 | PMID_33532864 | PMID_35005812,11
ACP5,HGNC:124,ACP5,PMID_30476936,1
ACTA2,HGNC:130,ACTA2,PMID_34264297 | PMID_30476936 | PMID_35005812,3
ACTB,HGNC:132,ACTB,PMID_35325889 | PMID_30476936,2
ACTG2,HGNC:145,ACTG2,PMID_34264297 | PMID_30476936 | PMID_35005812,3
ACTN4,HGNC:166,ACTN4,PMID_34264297 | PMID_36035137 | PMID_33664247 | PMID_30476936 | PMID_31509055 | PMID_31822006 | PMID_29801666 | PMID_31027891 | PMID_26862157 | PMID_33532864,10
ACVRL1,HGNC:175,ACVRL1,PMID_30476936,1
ADA2,HGNC:1839,ADA2 | CECR1,PMID_35325889 | PMID_30476936,2
ADAMTS13,HGNC:1366,ADAMTS13,PMID_35325889 | PMID_33664247 | PMID_30476936 | PMID_31509055 | PMID_31822006 | PMID_31027891,6
ADCY10,HGNC:21285,ADCY10,PMID_35325889 | PMID_33664247 | PMID_31027891 | PMID_33532864,4
AFF4,HGNC:17869,AFF4,PMID_30476936,1
AGPAT2,HGNC:325,AGPAT2,PMID_35325889 | PMID_30476936,2
AGT,HGNC:333,AGT,PMID_35325889 | PMID_34264297 | PMID_33664247 | PMID_30476936 | PMID_31509055 | PMID_31822006 | PMID_31027891 | PMID_33532864 | PMID_35005812,9
AGTR1,HGNC:336,AGTR1,PMID_35325889 | PMID_34264297 | PMID_33664247 | PMID_30476936 | PMID_31509055 | PMID_31822006 | PMID_31027891 | PMID_33532864 | PMID_35005812,9
AGXT,HGNC:341,AGXT,PMID_35325889 | PMID_34264297 | PMID_36035137 | PMID_33664247 | PMID_30476936 | PMID_31509055 | PMID_31822006 | PMID_31027891 | PMID_26862157 | PMID_33532864,10
AHI1,HGNC:21575,AHI1,PMID_35325889 | PMID_34264297 | PMID_33664247 | PMID_30476936 | PMID_31509055 | PMID_31822006 | PMID_29801666 | PMID_31027891 | PMID_33532864 | PMID_35005812,10
ALDOB,HGNC:417,ALDOB,PMID_34264297,1
ALG1,HGNC:18294,ALG1,PMID_35325889 | PMID_34264297 | PMID_33664247 | PMID_33532864 | PMID_35005812,5
ALG13,HGNC:30881,ALG13,PMID_35325889 | PMID_31027891,2
ALG8,HGNC:23161,ALG8,PMID_35325889 | PMID_30476936 | PMID_33532864,3
ALG9,HGNC:15672,ALG9,PMID_35325889 | PMID_30476936 | PMID_31027891,3
ALMS1,HGNC:428,ALMS1,PMID_35325889 | PMID_34264297 | PMID_33664247 | PMID_30476936 | PMID_29801666 | PMID_31027891 | PMID_33532864 | PMID_35005812,8
ALPL,HGNC:438,ALPL,PMID_35325889 | PMID_33664247 | PMID_30476936 | PMID_33532864,4
AMER1,HGNC:26837,AMER1,PMID_30476936,1
AMN,HGNC:14604,AMN,PMID_35325889 | PMID_30476936,2
ANKFY1,HGNC:20763,ANKFY1,PMID_34264297 | PMID_33532864,2
ANKS6,HGNC:26724,ANKS6,PMID_35325889 | PMID_34264297 | PMID_30476936 | PMID_31509055 | PMID_31822006 | PMID_29801666 | PMID_33532864 | PMID_35005812,8
ANLN,HGNC:14082,ANLN,PMID_34264297 | PMID_33664247 | PMID_30476936 | PMID_31509055 | PMID_31822006 | PMID_29801666 | PMID_33532864,7
ANOS1,HGNC:6211,ANOS1 | KAL1,PMID_35325889 | PMID_34264297 | PMID_33664247 | PMID_30476936 | PMID_31509055 | PMID_31822006 | PMID_31027891 | PMID_33532864 | PMID_35005812,9
AP2S1,HGNC:565,AP2S1,PMID_35325889 | PMID_34264297 | PMID_33664247 | PMID_30476936 | PMID_33532864,5
APC2,HGNC:24036,APC2,PMID_30476936,1
APOA1,HGNC:600,APOA1,PMID_35325889 | PMID_30476936 | PMID_31509055 | PMID_31822006 | PMID_31027891 | PMID_33532864,6
APOA2,HGNC:601,APOA2,PMID_31509055 | PMID_31822006,2
APOC2,HGNC:609,APOC2,PMID_35325889,1
APOE,HGNC:613,APOE,PMID_35325889 | PMID_31509055 | PMID_31822006 | PMID_31027891,4
APOL1,HGNC:618,APOL1,PMID_35325889 | PMID_34264297 | PMID_33664247 | PMID_31509055 | PMID_31822006 | PMID_29801666 | PMID_31027891 | PMID_33532864,8
APRT,HGNC:626,APRT,PMID_35325889 | PMID_34264297 | PMID_36035137 | PMID_33664247 | PMID_30476936 | PMID_31509055 | PMID_31822006 | PMID_31027891 | PMID_26862157 | PMID_33532864,10
AQP2,HGNC:634,AQP2,PMID_35325889 | PMID_34264297 | PMID_33664247 | PMID_30476936 | PMID_31509055 | PMID_31822006 | PMID_33532864,7
ARHGAP24,HGNC:25361,ARHGAP24,PMID_35325889 | PMID_34264297 | PMID_33664247 | PMID_31509055 | PMID_31822006 | PMID_29801666 | PMID_31027891 | PMID_33532864,8
ARHGDIA,HGNC:678,ARHGDIA,PMID_34264297 | PMID_33664247 | PMID_30476936 | PMID_31509055 | PMID_31822006 | PMID_29801666 | PMID_33532864,7
ARID1A,HGNC:11110,ARID1A,PMID_30476936,1
ARID1B,HGNC:18040,ARID1B,PMID_30476936,1
ARL13B,HGNC:25419,ARL13B,PMID_34264297 | PMID_33664247 | PMID_30476936 | PMID_31509055 | PMID_31822006 | PMID_31027891 | PMID_35005812,7
ARL3,HGNC:694,ARL3,PMID_34264297,1
ARL6,HGNC:13210,ARL6,PMID_35325889 | PMID_34264297 | PMID_33664247 | PMID_30476936 | PMID_31509055 | PMID_31822006 | PMID_29801666 | PMID_31027891 | PMID_33532864 | PMID_35005812,10
ARMC5,HGNC:25781,ARMC5,PMID_30476936,1
ARMC9,HGNC:20730,ARMC9,PMID_34264297,1
ARNT2,HGNC:16876,ARNT2,PMID_30476936,1
ARX,HGNC:18060,ARX,PMID_30476936,1
ASXL1,HGNC:18318,ASXL1,PMID_30476936,1
ATP6V0A4,HGNC:866,ATP6V0A4,PMID_35325889 | PMID_34264297 | PMID_36035137 | PMID_33664247 | PMID_30476936 | PMID_31509055 | PMID_31822006 | PMID_31027891 | PMID_26862157 | PMID_33532864,10
ATP6V1B1,HGNC:853,ATP6V1B1,PMID_35325889 | PMID_34264297 | PMID_36035137 | PMID_33664247 | PMID_30476936 | PMID_31509055 | PMID_31822006 | PMID_31027891 | PMID_26862157 | PMID_33532864,10
ATP7A,HGNC:869,ATP7A,PMID_30476936,1
ATP7B,HGNC:870,ATP7B,PMID_35325889 | PMID_30476936 | PMID_31509055 | PMID_31822006,4
ATXN10,HGNC:10549,ATXN10,PMID_29801666 | PMID_31027891 | PMID_33532864,3
AUH,HGNC:890,AUH,PMID_30476936,1
AVIL,HGNC:14188,AVIL,PMID_34264297 | PMID_33532864,2
AVP,HGNC:894,AVP,PMID_35325889 | PMID_30476936,2
AVPR2,HGNC:897,AVPR2,PMID_35325889 | PMID_34264297 | PMID_36035137 | PMID_33664247 | PMID_30476936 | PMID_31509055 | PMID_31822006 | PMID_26862157 | PMID_33532864,9
AXDND1,HGNC:26564,AXDND1,PMID_36035137,1
B2M,HGNC:914,B2M,PMID_35325889 | PMID_30476936 | PMID_31509055 | PMID_31822006 | PMID_31027891 | PMID_33532864,6
B3GLCT,HGNC:20207,B3GLCT,PMID_30476936,1
B4GAT1,HGNC:15685,B4GAT1,PMID_30476936,1
B9D1,HGNC:24123,B9D1,PMID_34264297 | PMID_36035137 | PMID_33664247 | PMID_30476936 | PMID_31509055 | PMID_31822006 | PMID_29801666 | PMID_31027891 | PMID_26862157 | PMID_33532864 | PMID_35005812,11
B9D2,HGNC:28636,B9D2,PMID_34264297 | PMID_36035137 | PMID_33664247 | PMID_30476936 | PMID_31509055 | PMID_31822006 | PMID_29801666 | PMID_31027891 | PMID_26862157 | PMID_33532864 | PMID_35005812,11
BBIP1,HGNC:28093,BBIP1,PMID_35325889 | PMID_34264297 | PMID_33664247 | PMID_30476936 | PMID_33532864 | PMID_35005812,6
BBS1,HGNC:966,BBS1,PMID_35325889 | PMID_34264297 | PMID_33664247 | PMID_30476936 | PMID_31509055 | PMID_31822006 | PMID_29801666 | PMID_31027891 | PMID_33532864 | PMID_35005812,10
BBS10,HGNC:26291,BBS10,PMID_35325889 | PMID_34264297 | PMID_33664247 | PMID_30476936 | PMID_31509055 | PMID_31822006 | PMID_29801666 | PMID_31027891 | PMID_33532864 | PMID_35005812,10
BBS12,HGNC:26648,BBS12,PMID_35325889 | PMID_34264297 | PMID_33664247 | PMID_30476936 | PMID_31509055 | PMID_31822006 | PMID_29801666 | PMID_31027891 | PMID_33532864 | PMID_35005812,10
BBS2,HGNC:967,BBS2,PMID_35325889 | PMID_34264297 | PMID_33664247 | PMID_30476936 | PMID_31509055 | PMID_31822006 | PMID_29801666 | PMID_31027891 | PMID_33532864 | PMID_35005812,10
BBS4,HGNC:969,BBS4,PMID_35325889 | PMID_34264297 | PMID_33664247 | PMID_30476936 | PMID_31509055 | PMID_31822006 | PMID_29801666 | PMID_31027891 | PMID_33532864 | PMID_35005812,10
BBS5,HGNC:970,BBS5,PMID_35325889 | PMID_34264297 | PMID_33664247 | PMID_30476936 | PMID_31509055 | PMID_31822006 | PMID_29801666 | PMID_31027891 | PMID_33532864 | PMID_35005812,10
BBS7,HGNC:18758,BBS7,PMID_35325889 | PMID_34264297 | PMID_33664247 | PMID_30476936 | PMID_31509055 | PMID_31822006 | PMID_29801666 | PMID_31027891 | PMID_33532864 | PMID_35005812,10
BBS9,HGNC:30000,BBS9,PMID_35325889 | PMID_34264297 | PMID_33664247 | PMID_30476936 | PMID_31509055 | PMID_31822006 | PMID_29801666 | PMID_31027891 | PMID_33532864 | PMID_35005812,10
BCOR,HGNC:20893,BCOR,PMID_30476936,1
BCS1L,HGNC:1020,BCS1L,PMID_35325889 | PMID_30476936,2
BICC1,HGNC:19351,BICC1,PMID_35325889 | PMID_34264297 | PMID_36035137 | PMID_33664247 | PMID_31509055 | PMID_31822006 | PMID_29801666 | PMID_33532864 | PMID_35005812,9
BLK,HGNC:1057,BLK,PMID_35325889,1
BMP4,HGNC:1071,BMP4,PMID_35325889 | PMID_33664247 | PMID_30476936 | PMID_31509055 | PMID_31822006 | PMID_31027891 | PMID_33532864 | PMID_35005812,8
BMP7,HGNC:1074,BMP7,PMID_35325889 | PMID_33664247 | PMID_33532864,3
BMPER,HGNC:24154,BMPER,PMID_30476936,1
BMPR2,HGNC:1078,BMPR2,PMID_35325889,1
BRAF,HGNC:1097,BRAF,PMID_35325889 | PMID_30476936,2
BRIP1,HGNC:20473,BRIP1,PMID_30476936,1
BSCL2,HGNC:15832,BSCL2,PMID_35325889 | PMID_30476936,2
BSND,HGNC:16512,BSND,PMID_35325889 | PMID_34264297 | PMID_36035137 | PMID_33664247 | PMID_30476936 | PMID_31509055 | PMID_31822006 | PMID_31027891 | PMID_26862157 | PMID_33532864,10
BUB1B,HGNC:1149,BUB1B,PMID_30476936,1
C1QA,HGNC:1241,C1QA,PMID_30476936 | PMID_31509055 | PMID_31822006,3
C1QB,HGNC:1242,C1QB,PMID_30476936 | PMID_31509055 | PMID_31822006,3
C1QC,HGNC:1245,C1QC,PMID_30476936 | PMID_31509055 | PMID_31822006,3
C2,HGNC:1248,C2,PMID_30476936,1
C21orf58,HGNC:1300,C21ORF58,PMID_29801666 | PMID_33532864,2
C2CD3,HGNC:24564,C2CD3,PMID_34264297 | PMID_35005812,2
C3,HGNC:1318,C3,PMID_34264297 | PMID_30476936 | PMID_31509055 | PMID_31822006 | PMID_31027891,5
C4A,HGNC:1323,C4A,PMID_30476936,1
C5,HGNC:1331,C5,PMID_35325889 | PMID_33664247,2
CA2,HGNC:1373,CA2,PMID_35325889 | PMID_34264297 | PMID_36035137 | PMID_33664247 | PMID_30476936 | PMID_31509055 | PMID_31822006 | PMID_31027891 | PMID_26862157 | PMID_33532864,10
CACNA1H,HGNC:1395,CACNA1H,PMID_35325889,1
CACNA1S,HGNC:1397,CACNA1S,PMID_30476936,1
CAD,HGNC:1424,CAD,PMID_30476936,1
CASP10,HGNC:1500,CASP10,PMID_30476936,1
CASR,HGNC:1514,CASR,PMID_35325889 | PMID_34264297 | PMID_33664247 | PMID_30476936 | PMID_31509055 | PMID_31822006 | PMID_31027891 | PMID_33532864,8
CAV1,HGNC:1527,CAV1,PMID_35325889,1
CC2D2A,HGNC:29253,CC2D2A,PMID_34264297 | PMID_36035137 | PMID_33664247 | PMID_30476936 | PMID_31509055 | PMID_31822006 | PMID_29801666 | PMID_31027891 | PMID_26862157 | PMID_33532864 | PMID_35005812,11
CCBE1,HGNC:29426,CCBE1,PMID_30476936,1
CCDC22,HGNC:28909,CCDC22,PMID_30476936,1
CCDC28B,HGNC:28163,CCDC28B,PMID_33664247,1
CCND1,HGNC:1582,CCND1,PMID_31509055 | PMID_31822006,2
CCNQ,HGNC:28434,FAM58A,PMID_34264297 | PMID_36035137 | PMID_33664247 | PMID_30476936 | PMID_26862157 | PMID_33532864 | PMID_35005812,7
CD151,HGNC:1630,CD151,PMID_35325889 | PMID_34264297 | PMID_30476936 | PMID_31509055 | PMID_31822006,5
CD19,HGNC:1633,CD19,PMID_30476936,1
CD2AP,HGNC:14258,CD2AP,PMID_35325889 | PMID_34264297 | PMID_36035137 | PMID_33664247 | PMID_31509055 | PMID_31822006 | PMID_29801666 | PMID_31027891 | PMID_26862157 | PMID_33532864,10
CD46,HGNC:6953,CD46,PMID_34264297 | PMID_33664247 | PMID_31509055 | PMID_31822006 | PMID_31027891,5
CD81,HGNC:1701,CD81,PMID_30476936,1
CD96,HGNC:16892,CD96,PMID_30476936,1
CDC5L,HGNC:1743,CDC5L,PMID_36035137 | PMID_33664247 | PMID_30476936 | PMID_26862157 | PMID_33532864 | PMID_35005812,6
CDC73,HGNC:16783,CDC73,PMID_35325889 | PMID_33664247 | PMID_30476936,3
CDK20,HGNC:21420,CDK20,PMID_33532864,1
CDKN1B,HGNC:1785,CDKN1B,PMID_30476936,1
CDKN1C,HGNC:1786,CDKN1C,PMID_35325889 | PMID_30476936,2
CEL,HGNC:1848,CEL,PMID_35325889,1
CENPF,HGNC:1857,CENPF,PMID_30476936,1
CEP104,HGNC:24866,CEP104,PMID_34264297 | PMID_30476936 | PMID_33532864,3
CEP120,HGNC:26690,CEP120,PMID_34264297 | PMID_30476936 | PMID_33532864,3
CEP164,HGNC:29182,CEP164,PMID_35325889 | PMID_34264297 | PMID_33664247 | PMID_30476936 | PMID_31509055 | PMID_31822006 | PMID_29801666 | PMID_33532864 | PMID_35005812,9
CEP19,HGNC:28209,CEP19,PMID_34264297 | PMID_35005812,2
CEP290,HGNC:29021,CEP290 | POC3,PMID_35325889 | PMID_34264297 | PMID_36035137 | PMID_33664247 | PMID_30476936 | PMID_31509055 | PMID_31822006 | PMID_29801666 | PMID_31027891 | PMID_26862157 | PMID_33532864 | PMID_35005812,13
CEP41,HGNC:12370,CEP41,PMID_34264297 | PMID_33664247 | PMID_30476936 | PMID_31509055 | PMID_31822006 | PMID_29801666 | PMID_31027891 | PMID_33532864 | PMID_35005812,9
CEP83,HGNC:17966,CEP83,PMID_34264297 | PMID_30476936 | PMID_31509055 | PMID_31822006 | PMID_29801666 | PMID_33532864 | PMID_35005812,7
CFAP418,HGNC:27232,C8orf37 | C8ORF37,PMID_35325889 | PMID_34264297,2
CFB,HGNC:1037,CFB,PMID_34264297 | PMID_33664247 | PMID_31509055 | PMID_31822006 | PMID_31027891,5
CFD,HGNC:2771,CFD,PMID_31509055 | PMID_31822006,2
CFH,HGNC:4883,CFH,PMID_35325889 | PMID_34264297 | PMID_33664247 | PMID_30476936 | PMID_31509055 | PMID_31822006 | PMID_29801666 | PMID_31027891 | PMID_33532864,9
CFHR1,HGNC:4888,CFHR1,PMID_34264297 | PMID_33664247 | PMID_31509055 | PMID_31822006 | PMID_31027891 | PMID_33532864,6
CFHR2,HGNC:4890,CFHR2,PMID_33664247 | PMID_31509055 | PMID_31822006 | PMID_31027891,4
CFHR3,HGNC:16980,CFHR3,PMID_33664247 | PMID_31509055 | PMID_31822006 | PMID_31027891,4
CFHR4,HGNC:16979,CFHR4,PMID_31027891,1
CFHR5,HGNC:24668,CFHR5,PMID_35325889 | PMID_33664247 | PMID_30476936 | PMID_31509055 | PMID_31822006 | PMID_29801666 | PMID_31027891 | PMID_33532864,8
CFI,HGNC:5394,CFI,PMID_35325889 | PMID_34264297 | PMID_33664247 | PMID_30476936 | PMID_31509055 | PMID_31822006 | PMID_31027891,7
CFTR,HGNC:1884,CFTR,PMID_33532864,1
CHD1L,HGNC:1916,CHD1L,PMID_35325889 | PMID_33664247 | PMID_31509055 | PMID_31822006 | PMID_31027891 | PMID_33532864 | PMID_35005812,7
CHD7,HGNC:20626,CHD7,PMID_35325889 | PMID_34264297 | PMID_33664247 | PMID_30476936 | PMID_33532864 | PMID_35005812,6
CHRM3,HGNC:1952,CHRM3,PMID_35325889 | PMID_34264297 | PMID_30476936 | PMID_31509055 | PMID_31822006 | PMID_31027891 | PMID_33532864 | PMID_35005812,8
CHRNA3,HGNC:1957,CHRNA3,PMID_35325889,1
CHST14,HGNC:24464,CHST14,PMID_30476936,1
CHST5,HGNC:1973,CHST5,PMID_36035137,1
CILK1,HGNC:21219,ICK,PMID_30476936,1
CISD2,HGNC:24212,CISD2,PMID_35325889 | PMID_30476936,2
CLCN2,HGNC:2020,CLCN2,PMID_35325889,1
CLCN5,HGNC:2023,CLCN5,PMID_35325889 | PMID_34264297 | PMID_36035137 | PMID_33664247 | PMID_30476936 | PMID_31509055 | PMID_31822006 | PMID_31027891 | PMID_26862157 | PMID_33532864,10
CLCNKA,HGNC:2026,CLCNKA,PMID_34264297 | PMID_33664247 | PMID_30476936 | PMID_31509055 | PMID_31822006 | PMID_33532864,6
CLCNKB,HGNC:2027,CLCNKB,PMID_35325889 | PMID_34264297 | PMID_33664247 | PMID_30476936 | PMID_31509055 | PMID_31822006 | PMID_31027891 | PMID_33532864,8
CLDN10,HGNC:2033,CLDN10,PMID_34264297 | PMID_33664247,2
CLDN14,HGNC:2035,CLDN14,PMID_33532864,1
CLDN16,HGNC:2037,CLDN16,PMID_35325889 | PMID_34264297 | PMID_36035137 | PMID_33664247 | PMID_30476936 | PMID_31509055 | PMID_31822006 | PMID_31027891 | PMID_26862157 | PMID_33532864,10
CLDN19,HGNC:2040,CLDN19,PMID_35325889 | PMID_34264297 | PMID_33664247 | PMID_30476936 | PMID_31509055 | PMID_31822006 | PMID_31027891 | PMID_33532864,8
CNNM2,HGNC:103,CNNM2,PMID_35325889 | PMID_34264297 | PMID_33664247 | PMID_30476936 | PMID_31509055 | PMID_31822006,6
COA8,HGNC:20492,APOPT1,PMID_35325889 | PMID_30476936,2
COL11A1,HGNC:2186,COL11A1,PMID_35325889,1
COL18A1,HGNC:2195,COL18A1,PMID_30476936,1
COL4A1,HGNC:2202,COL4A1,PMID_35325889 | PMID_30476936 | PMID_31509055 | PMID_31822006 | PMID_29801666 | PMID_31027891 | PMID_33532864,7
COL4A3,HGNC:2204,COL4A3,PMID_35325889 | PMID_34264297 | PMID_36035137 | PMID_33664247 | PMID_30476936 | PMID_31509055 | PMID_31822006 | PMID_29801666 | PMID_31027891 | PMID_26862157 | PMID_33532864,11
COL4A4,HGNC:2206,COL4A4,PMID_35325889 | PMID_34264297 | PMID_36035137 | PMID_33664247 | PMID_30476936 | PMID_31509055 | PMID_31822006 | PMID_29801666 | PMID_31027891 | PMID_26862157 | PMID_33532864,11
COL4A5,HGNC:2207,COL4A5,PMID_35325889 | PMID_34264297 | PMID_36035137 | PMID_33664247 | PMID_30476936 | PMID_31509055 | PMID_31822006 | PMID_29801666 | PMID_31027891 | PMID_26862157 | PMID_33532864,11
COL4A6,HGNC:2208,COL4A6,PMID_34264297 | PMID_36035137 | PMID_31509055 | PMID_31822006 | PMID_29801666 | PMID_31027891 | PMID_26862157 | PMID_33532864,8
COL5A1,HGNC:2209,COL5A1,PMID_30476936,1
COPA,HGNC:2230,COPA,PMID_30476936,1
COQ2,HGNC:25223,COQ2,PMID_35325889 | PMID_34264297 | PMID_36035137 | PMID_33664247 | PMID_30476936 | PMID_31509055 | PMID_31822006 | PMID_29801666 | PMID_31027891 | PMID_26862157 | PMID_33532864,11
COQ6,HGNC:20233,COQ6,PMID_35325889 | PMID_34264297 | PMID_33664247 | PMID_30476936 | PMID_31509055 | PMID_31822006 | PMID_29801666 | PMID_31027891 | PMID_33532864,9
COQ7,HGNC:2244,COQ7,PMID_33664247 | PMID_30476936,2
COQ8B,HGNC:19041,COQ8B | ADCK4,PMID_34264297 | PMID_33664247 | PMID_30476936 | PMID_31509055 | PMID_31822006 | PMID_29801666 | PMID_33532864,7
COQ9,HGNC:25302,COQ9,PMID_30476936,1
COX10,HGNC:2260,COX10,PMID_35325889 | PMID_30476936,2
COX14,HGNC:28216,COX14,PMID_35325889 | PMID_30476936,2
COX20,HGNC:26970,COX20,PMID_35325889 | PMID_30476936,2
COX6B1,HGNC:2280,COX6B1,PMID_35325889 | PMID_30476936,2
COX7B,HGNC:2291,COX7B,PMID_30476936,1
COX8A,HGNC:2294,COX8A,PMID_35325889 | PMID_30476936,2
CPLANE1,HGNC:25801,CPLANE1 | C5orf42 | C5ORF42,PMID_35325889 | PMID_34264297 | PMID_36035137 | PMID_33664247 | PMID_30476936 | PMID_31509055 | PMID_31027891 | PMID_26862157 | PMID_33532864 | PMID_35005812,10
CPT1A,HGNC:2328,CPT1A,PMID_30476936,1
CPT2,HGNC:2330,CPT2,PMID_35325889 | PMID_30476936 | PMID_33532864,3
CRB2,HGNC:18688,CRB2,PMID_34264297 | PMID_33664247 | PMID_30476936 | PMID_31509055 | PMID_31822006 | PMID_29801666 | PMID_33532864,7
CREBBP,HGNC:2348,CREBBP,PMID_35325889 | PMID_30476936,2
CRIM1,HGNC:2359,CRIM1,PMID_35005812,1
CRKL,HGNC:2363,CRKL,PMID_35325889,1
CRTAP,HGNC:2379,CRTAP,PMID_30476936,1
CSPP1,HGNC:26193,CSPP1,PMID_34264297 | PMID_30476936 | PMID_31509055 | PMID_31822006 | PMID_29801666 | PMID_33532864 | PMID_35005812,7
CTC1,HGNC:26169,CTC1,PMID_30476936,1
CTNS,HGNC:2518,CTNS,PMID_35325889 | PMID_34264297 | PMID_36035137 | PMID_33664247 | PMID_30476936 | PMID_31509055 | PMID_31822006 | PMID_31027891 | PMID_26862157 | PMID_33532864,10
CUBN,HGNC:2548,CUBN,PMID_35325889 | PMID_34264297 | PMID_33664247 | PMID_30476936 | PMID_29801666 | PMID_31027891 | PMID_33532864,7
CUL3,HGNC:2553,CUL3,PMID_35325889 | PMID_34264297 | PMID_33664247 | PMID_30476936 | PMID_31509055 | PMID_31822006 | PMID_31027891 | PMID_33532864,8
CYP11A1,HGNC:2590,CYP11A1,PMID_35325889 | PMID_30476936,2
CYP11B1,HGNC:2591,CYP11B1,PMID_35325889 | PMID_30476936 | PMID_31027891,3
CYP11B2,HGNC:2592,CYP11B2,PMID_35325889,1
CYP17A1,HGNC:2593,CYP17A1,PMID_35325889 | PMID_30476936 | PMID_31027891,3
CYP21A2,HGNC:2600,CYP21A2,PMID_30476936,1
CYP24A1,HGNC:2602,CYP24A1,PMID_35325889 | PMID_34264297 | PMID_33664247 | PMID_30476936 | PMID_31027891 | PMID_33532864,6
CYP27B1,HGNC:2606,CYP27B1,PMID_35325889 | PMID_33664247,2
CYP2R1,HGNC:20580,CYP2R1,PMID_35325889,1
DAAM1,HGNC:18142,DAAM1,PMID_33532864,1
DACH1,HGNC:2663,DACH1,PMID_29801666 | PMID_33532864,2
DCDC2,HGNC:18141,DCDC2,PMID_35325889 | PMID_34264297 | PMID_33664247 | PMID_30476936 | PMID_31509055 | PMID_31822006 | PMID_31027891 | PMID_33532864 | PMID_35005812,9
DCHS1,HGNC:13681,DCHS1,PMID_30476936,1
DCHS2,HGNC:23111,DCHS2,PMID_33532864,1
DDX59,HGNC:25360,DDX59,PMID_34264297 | PMID_30476936 | PMID_33532864 | PMID_35005812,4
DGKE,HGNC:2852,DGKE,PMID_35325889 | PMID_34264297 | PMID_33664247 | PMID_30476936 | PMID_31509055 | PMID_31822006 | PMID_29801666 | PMID_33532864,8
DHCR7,HGNC:2860,DHCR7,PMID_35325889 | PMID_33664247 | PMID_30476936 | PMID_35005812,4
DIS3L2,HGNC:28648,DIS3L2,PMID_34264297 | PMID_30476936 | PMID_31027891 | PMID_35005812,4
DKC1,HGNC:2890,DKC1,PMID_30476936,1
DLC1,HGNC:2897,DLC1,PMID_35325889 | PMID_34264297 | PMID_33532864,3
DLG3,HGNC:2902,DLG3,PMID_30476936,1
DLL3,HGNC:2909,DLL3,PMID_30476936,1
DLL4,HGNC:2910,DLL4,PMID_30476936,1
DLX4,HGNC:2917,DLX4,PMID_30476936,1
DMP1,HGNC:2932,DMP1,PMID_35325889 | PMID_33664247 | PMID_30476936 | PMID_31027891,4
DNA2,HGNC:2939,DNA2,PMID_30476936,1
DNAAF1,HGNC:30539,DNAAF1,PMID_30476936,1
DNAJB11,HGNC:14889,DNAJB11,PMID_34264297 | PMID_33532864 | PMID_35005812,3
DNASE1L3,HGNC:2959,DNASE1L3,PMID_35325889 | PMID_36035137 | PMID_30476936,3
DNMT3B,HGNC:2979,DNMT3B,PMID_30476936,1
DPH1,HGNC:3003,DPH1,PMID_30476936,1
DSTYK,HGNC:29043,DSTYK,PMID_33664247 | PMID_30476936 | PMID_31509055 | PMID_31822006 | PMID_33532864,5
DYNC2H1,HGNC:2962,DYNC2H1,PMID_33664247 | PMID_30476936 | PMID_29801666 | PMID_31027891 | PMID_33532864 | PMID_35005812,6
DYNC2I1,HGNC:21862,WDR60,PMID_30476936 | PMID_29801666 | PMID_33532864 | PMID_35005812,4
DYNC2I2,HGNC:28296,WDR34,PMID_30476936 | PMID_29801666 | PMID_33532864 | PMID_35005812,4
DZIP1L,HGNC:26551,DZIP1L,PMID_34264297 | PMID_33664247 | PMID_31509055 | PMID_31822006 | PMID_35005812,5
EBP,HGNC:3133,EBP,PMID_35325889 | PMID_30476936,2
EDNRA,HGNC:3179,EDNRA,PMID_35325889 | PMID_30476936,2
EFEMP2,HGNC:3219,EFEMP2,PMID_30476936,1
EGF,HGNC:3229,EGF,PMID_35325889 | PMID_34264297 | PMID_30476936,3
EHHADH,HGNC:3247,EHHADH,PMID_34264297 | PMID_33664247 | PMID_30476936 | PMID_31509055 | PMID_31822006 | PMID_33532864,6
EIF2AK3,HGNC:3255,EIF2AK3,PMID_35325889 | PMID_30476936,2
EIF2B4,HGNC:3260,EIF2B4,PMID_30476936,1
ELP1,HGNC:5959,ELP1 | IKBKAP,PMID_35325889 | PMID_30476936,2
EMP2,HGNC:3334,EMP2,PMID_34264297 | PMID_33664247 | PMID_30476936 | PMID_31509055 | PMID_31822006 | PMID_29801666 | PMID_33532864,7
ENG,HGNC:3349,ENG,PMID_30476936,1
ENPP1,HGNC:3356,ENPP1,PMID_35325889 | PMID_33664247 | PMID_30476936 | PMID_31027891,4
EPG5,HGNC:29331,EPG5,PMID_30476936,1
EPN2,HGNC:18639,EPN2,PMID_36035137,1
ERBB3,HGNC:3431,ERBB3,PMID_30476936,1
ERCC4,HGNC:3436,ERCC4,PMID_30476936,1
ERCC6,HGNC:3438,ERCC6,PMID_30476936,1
ERCC8,HGNC:3439,ERCC8,PMID_30476936,1
ESCO2,HGNC:27230,ESCO2,PMID_30476936,1
ETFA,HGNC:3481,ETFA,PMID_30476936 | PMID_31509055 | PMID_31822006,3
ETFB,HGNC:3482,ETFB,PMID_30476936 | PMID_31509055 | PMID_31822006,3
ETFDH,HGNC:3483,ETFDH,PMID_30476936 | PMID_31509055 | PMID_31822006,3
ETV4,HGNC:3493,ETV4,PMID_33532864,1
EVC,HGNC:3497,EVC,PMID_30476936 | PMID_35005812,2
EVC2,HGNC:19747,EVC2,PMID_30476936 | PMID_35005812,2
EXOC4,HGNC:30389,EXOC4,PMID_35005812,1
EYA1,HGNC:3519,EYA1,PMID_35325889 | PMID_34264297 | PMID_33664247 | PMID_30476936 | PMID_31509055 | PMID_31822006 | PMID_29801666 | PMID_31027891 | PMID_33532864 | PMID_35005812,10
EZH2,HGNC:3527,EZH2,PMID_33664247,1
FAH,HGNC:3579,FAH,PMID_34264297 | PMID_33664247 | PMID_30476936 | PMID_31509055 | PMID_31822006,5
FAM111A,HGNC:24725,FAM111A,PMID_33664247,1
FAM149B1,HGNC:29162,FAM149B1,PMID_34264297,1
FAM20A,HGNC:23015,FAM20A,PMID_35325889 | PMID_34264297 | PMID_33664247 | PMID_30476936 | PMID_31027891 | PMID_33532864,6
FAM20C,HGNC:22140,FAM20C,PMID_30476936,1
FAN1,HGNC:29170,FAN1,PMID_35325889 | PMID_34264297 | PMID_36035137 | PMID_30476936 | PMID_31509055 | PMID_31822006 | PMID_29801666 | PMID_33532864,8
FANCA,HGNC:3582,FANCA,PMID_35325889 | PMID_30476936 | PMID_33532864,3
FANCB,HGNC:3583,FANCB,PMID_35325889 | PMID_30476936,2
FANCC,HGNC:3584,FANCC,PMID_35325889 | PMID_30476936,2
FANCD2,HGNC:3585,FANCD2,PMID_35325889 | PMID_30476936,2
FANCE,HGNC:3586,FANCE,PMID_35325889 | PMID_30476936,2
FANCF,HGNC:3587,FANCF,PMID_35325889 | PMID_30476936,2
FANCG,HGNC:3588,FANCG,PMID_35325889 | PMID_30476936,2
FANCI,HGNC:25568,FANCI,PMID_35325889 | PMID_30476936,2
FANCL,HGNC:20748,FANCL,PMID_35325889 | PMID_30476936,2
FANCM,HGNC:23168,FANCM,PMID_35325889 | PMID_30476936,2
FASTKD2,HGNC:29160,FASTKD2,PMID_35325889 | PMID_30476936,2
FAT1,HGNC:3595,FAT1,PMID_33664247 | PMID_33532864,2
FAT3,HGNC:23112,FAT3,PMID_33532864,1
FAT4,HGNC:23109,FAT4,PMID_34264297 | PMID_30476936 | PMID_33532864 | PMID_35005812,4
FBLN5,HGNC:3602,FBLN5,PMID_30476936,1
FBXL4,HGNC:13601,FBXL4,PMID_30476936,1
FGA,HGNC:3661,FGA,PMID_35325889 | PMID_30476936 | PMID_31027891 | PMID_33532864,4
FGF10,HGNC:3666,FGF10,PMID_35325889 | PMID_33664247 | PMID_30476936,3
FGF20,HGNC:3677,FGF20,PMID_34264297 | PMID_33664247 | PMID_30476936 | PMID_31509055 | PMID_31822006 | PMID_31027891 | PMID_33532864 | PMID_35005812,8
FGF23,HGNC:3680,FGF23,PMID_35325889 | PMID_30476936 | PMID_31509055 | PMID_31822006 | PMID_33532864,5
FGF8,HGNC:3686,FGF8,PMID_33664247 | PMID_33532864,2
FGFR1,HGNC:3688,FGFR1,PMID_35325889 | PMID_33664247 | PMID_30476936 | PMID_31027891 | PMID_33532864,5
FGFR2,HGNC:3689,FGFR2,PMID_35325889 | PMID_33664247 | PMID_30476936,3
FGFR3,HGNC:3690,FGFR3,PMID_30476936,1
FKBP14,HGNC:18625,FKBP14,PMID_30476936,1
FLCN,HGNC:27310,FLCN,PMID_35325889 | PMID_30476936 | PMID_29801666 | PMID_33532864,4
FLNA,HGNC:3754,FLNA,PMID_30476936,1
FLNB,HGNC:3755,FLNB,PMID_30476936,1
FLT4,HGNC:3767,FLT4,PMID_30476936,1
FMN1,HGNC:3768,FMN1,PMID_33532864,1
FN1,HGNC:3778,FN1,PMID_35325889 | PMID_30476936 | PMID_31509055 | PMID_31822006 | PMID_31027891,5
FOXC1,HGNC:3800,FOXC1,PMID_35325889 | PMID_33664247 | PMID_30476936,3
FOXC2,HGNC:3801,FOXC2,PMID_35325889 | PMID_33664247 | PMID_30476936,3
FOXF1,HGNC:3809,FOXF1,PMID_30476936 | PMID_35005812,2
FOXI1,HGNC:3815,FOXI1,PMID_35325889 | PMID_34264297,2
FOXP1,HGNC:3823,FOXP1,PMID_33532864 | PMID_35005812,2
FOXP3,HGNC:6106,FOXP3,PMID_35325889,1
FRAS1,HGNC:19185,FRAS1,PMID_35325889 | PMID_34264297 | PMID_36035137 | PMID_33664247 | PMID_30476936 | PMID_31509055 | PMID_31822006 | PMID_31027891 | PMID_26862157 | PMID_33532864 | PMID_35005812,11
FREM1,HGNC:23399,FREM1,PMID_35325889 | PMID_34264297 | PMID_33664247 | PMID_30476936 | PMID_31509055 | PMID_31822006 | PMID_31027891 | PMID_33532864 | PMID_35005812,9
FREM2,HGNC:25396,FREM2,PMID_35325889 | PMID_34264297 | PMID_36035137 | PMID_33664247 | PMID_30476936 | PMID_31509055 | PMID_31822006 | PMID_31027891 | PMID_26862157 | PMID_33532864 | PMID_35005812,11
FUZ,HGNC:26219,FUZ,PMID_30476936,1
FXYD2,HGNC:4026,FXYD2,PMID_35325889 | PMID_34264297 | PMID_36035137 | PMID_33664247 | PMID_30476936 | PMID_31509055 | PMID_31822006 | PMID_26862157 | PMID_33532864,9
FXYD6-FXYD2,HGNC:39978,FXYD6-FXYD2,PMID_36035137,1
G6PC1,HGNC:4056,G6PC,PMID_35325889 | PMID_34264297 | PMID_30476936,3
GALNT3,HGNC:4125,GALNT3,PMID_35325889 | PMID_30476936,2
GANAB,HGNC:4138,GANAB,PMID_35325889 | PMID_34264297 | PMID_31509055 | PMID_31822006 | PMID_33532864 | PMID_35005812,6
GAPVD1,HGNC:23375,GAPVD1,PMID_34264297,1
GATA3,HGNC:4172,GATA3,PMID_35325889 | PMID_34264297 | PMID_36035137 | PMID_33664247 | PMID_30476936 | PMID_31509055 | PMID_31822006 | PMID_31027891 | PMID_26862157 | PMID_33532864 | PMID_35005812,11
GATA6,HGNC:4174,GATA6,PMID_30476936,1
GATM,HGNC:4175,GATM,PMID_35325889 | PMID_34264297,2
GBA1,HGNC:4177,GBA,PMID_30476936,1
GCDH,HGNC:4189,GCDH,PMID_30476936,1
GCK,HGNC:4195,GCK,PMID_35325889,1
GCM2,HGNC:4198,GCM2,PMID_35325889 | PMID_30476936 | PMID_33532864,3
GDF11,HGNC:4216,GDF11,PMID_33532864,1
GDF2,HGNC:4217,GDF2,PMID_30476936,1
GDF6,HGNC:4221,GDF6,PMID_34264297 | PMID_35005812,2
GDNF,HGNC:4232,GDNF,PMID_35325889 | PMID_30476936 | PMID_33532864,3
GLA,HGNC:4296,GLA,PMID_35325889 | PMID_36035137 | PMID_30476936 | PMID_31509055 | PMID_31822006 | PMID_29801666 | PMID_31027891 | PMID_26862157 | PMID_33532864,9
GLB1,HGNC:4298,GLB1,PMID_30476936,1
GLI3,HGNC:4319,GLI3,PMID_35325889 | PMID_34264297 | PMID_33664247 | PMID_30476936 | PMID_31509055 | PMID_31822006 | PMID_33532864 | PMID_35005812,8
GLIS2,HGNC:29450,GLIS2,PMID_35325889 | PMID_34264297 | PMID_36035137 | PMID_33664247 | PMID_30476936 | PMID_31509055 | PMID_31822006 | PMID_29801666 | PMID_31027891 | PMID_26862157 | PMID_33532864 | PMID_35005812,12
GLIS3,HGNC:28510,GLIS3,PMID_35325889 | PMID_30476936,2
GNA11,HGNC:4379,GNA11,PMID_35325889 | PMID_34264297 | PMID_30476936 | PMID_33532864,4
GNAS,HGNC:4392,GNAS,PMID_35325889 | PMID_30476936,2
GNAS-AS1,HGNC:24872,GNAS-AS1,PMID_30476936,1
GNB1,HGNC:4396,GNB1,PMID_30476936,1
GON7,HGNC:20356,GON7,PMID_33532864,1
GPC3,HGNC:4451,GPC3,PMID_35325889 | PMID_34264297 | PMID_30476936 | PMID_31509055 | PMID_31822006 | PMID_31027891 | PMID_35005812,7
GREB1L,HGNC:31042,GREB1L,PMID_34264297 | PMID_33532864 | PMID_35005812,3
GREM1,HGNC:2001,GREM1,PMID_35325889,1
GRHPR,HGNC:4570,GRHPR,PMID_35325889 | PMID_34264297 | PMID_36035137 | PMID_33664247 | PMID_30476936 | PMID_31509055 | PMID_31822006 | PMID_31027891 | PMID_26862157 | PMID_33532864,10
GRIP1,HGNC:18708,GRIP1,PMID_35325889 | PMID_34264297 | PMID_33664247 | PMID_30476936 | PMID_31509055 | PMID_31822006 | PMID_31027891 | PMID_33532864 | PMID_35005812,9
GSN,HGNC:4620,GSN,PMID_35325889 | PMID_36035137 | PMID_30476936 | PMID_31509055 | PMID_31822006,5
GSN-AS1,HGNC:23372,GSN-AS1,PMID_36035137,1
HBB,HGNC:4827,HBB,PMID_35325889 | PMID_30476936,2
HDAC8,HGNC:13315,HDAC8,PMID_30476936,1
HES7,HGNC:15977,HES7,PMID_30476936,1
HGD,HGNC:4892,HGD,PMID_35325889 | PMID_30476936,2
HGF,HGNC:4893,HGF,PMID_33532864,1
HNF1A,HGNC:11621,HNF1A,PMID_35325889 | PMID_30476936,2
HNF1B,HGNC:11630,HNF1B,PMID_35325889 | PMID_34264297 | PMID_36035137 | PMID_33664247 | PMID_30476936 | PMID_31509055 | PMID_31822006 | PMID_29801666 | PMID_31027891 | PMID_26862157 | PMID_33532864 | PMID_35005812,12
HNF4A,HGNC:5024,HNF4A,PMID_35325889 | PMID_33664247 | PMID_30476936 | PMID_31509055 | PMID_31822006 | PMID_31027891 | PMID_33532864,7
HNRNPH2,HGNC:5042,HNRNPH2,PMID_36035137,1
HOGA1,HGNC:25155,HOGA1,PMID_35325889 | PMID_34264297 | PMID_33664247 | PMID_30476936 | PMID_31509055 | PMID_31822006 | PMID_31027891 | PMID_33532864,8
HOXA13,HGNC:5102,HOXA13,PMID_35325889 | PMID_33664247 | PMID_30476936 | PMID_33532864,4
HOXA4,HGNC:5105,HOXA4,PMID_33664247,1
HOXB6,HGNC:5117,HOXB6,PMID_33664247,1
HOXD13,HGNC:5136,HOXD13,PMID_35325889 | PMID_30476936,2
HPRT1,HGNC:5157,HPRT1,PMID_35325889 | PMID_34264297 | PMID_33664247 | PMID_30476936 | PMID_31027891 | PMID_33532864,6
HPS1,HGNC:5163,HPS1,PMID_35325889 | PMID_30476936,2
HPSE2,HGNC:18374,HPSE2,PMID_35325889 | PMID_34264297 | PMID_36035137 | PMID_33664247 | PMID_30476936 | PMID_31509055 | PMID_31822006 | PMID_31027891 | PMID_26862157 | PMID_33532864 | PMID_35005812,11
HRAS,HGNC:5173,HRAS,PMID_30476936,1
HS2ST1,HGNC:5193,HS2ST1,PMID_34264297,1
HSD11B2,HGNC:5209,HSD11B2,PMID_35325889 | PMID_30476936 | PMID_31509055 | PMID_31822006 | PMID_31027891 | PMID_33532864,6
HSD17B3,HGNC:5212,HSD17B3,PMID_30476936,1
HSD17B4,HGNC:5213,HSD17B4,PMID_30476936,1
HSD3B2,HGNC:5218,HSD3B2,PMID_35325889 | PMID_30476936,2
HSPA9,HGNC:5244,HSPA9,PMID_30476936,1
HSPG2,HGNC:5273,HSPG2,PMID_30476936,1
HYLS1,HGNC:26558,HYLS1,PMID_30476936,1
IFNG,HGNC:5438,IFNG,PMID_31509055 | PMID_31822006,2
IFT122,HGNC:13556,IFT122,PMID_35325889 | PMID_33664247 | PMID_30476936 | PMID_31509055 | PMID_31822006 | PMID_29801666 | PMID_31027891 | PMID_33532864 | PMID_35005812,9
IFT140,HGNC:29077,IFT140,PMID_35325889 | PMID_33664247 | PMID_30476936 | PMID_31509055 | PMID_31822006 | PMID_29801666 | PMID_31027891 | PMID_33532864 | PMID_35005812,9
IFT172,HGNC:30391,IFT172,PMID_35325889 | PMID_34264297 | PMID_33664247 | PMID_30476936 | PMID_29801666 | PMID_33532864 | PMID_35005812,7
IFT27,HGNC:18626,IFT27,PMID_34264297 | PMID_33664247 | PMID_30476936 | PMID_33532864 | PMID_35005812,5
IFT43,HGNC:29669,IFT43,PMID_35325889 | PMID_33664247 | PMID_30476936 | PMID_31509055 | PMID_31822006 | PMID_29801666 | PMID_31027891 | PMID_33532864 | PMID_35005812,9
IFT57,HGNC:17367,IFT57,PMID_34264297,1
IFT74,HGNC:21424,IFT74,PMID_34264297 | PMID_33664247,2
IFT80,HGNC:29262,IFT80,PMID_30476936 | PMID_31027891 | PMID_35005812,3
IFT81,HGNC:14313,IFT81,PMID_33532864 | PMID_35005812,2
INF2,HGNC:23791,INF2,PMID_35325889 | PMID_34264297 | PMID_36035137 | PMID_33664247 | PMID_30476936 | PMID_31509055 | PMID_31822006 | PMID_29801666 | PMID_31027891 | PMID_26862157 | PMID_33532864,11
INPP5E,HGNC:21474,INPP5E,PMID_34264297 | PMID_30476936 | PMID_31509055 | PMID_31822006 | PMID_31027891 | PMID_33532864 | PMID_35005812,7
INPPL1,HGNC:6080,INPPL1,PMID_30476936,1
INS,HGNC:6081,INS,PMID_35325889,1
INSR,HGNC:6091,INSR,PMID_30476936,1
INVS,HGNC:17870,INVS,PMID_35325889 | PMID_34264297 | PMID_36035137 | PMID_33664247 | PMID_30476936 | PMID_31509055 | PMID_31822006 | PMID_29801666 | PMID_31027891 | PMID_26862157 | PMID_33532864 | PMID_35005812,12
IQCB1,HGNC:28949,IQCB1,PMID_35325889 | PMID_34264297 | PMID_36035137 | PMID_33664247 | PMID_30476936 | PMID_31509055 | PMID_31822006 | PMID_29801666 | PMID_31027891 | PMID_26862157 | PMID_33532864 | PMID_35005812,12
IRF6,HGNC:6121,IRF6,PMID_30476936,1
ITGA3,HGNC:6139,ITGA3,PMID_35325889 | PMID_34264297 | PMID_30476936 | PMID_31509055 | PMID_31822006 | PMID_29801666 | PMID_31027891 | PMID_33532864 | PMID_35005812,9
ITGA6,HGNC:6142,ITGA6,PMID_35325889 | PMID_30476936,2
ITGA8,HGNC:6144,ITGA8,PMID_34264297 | PMID_33664247 | PMID_30476936 | PMID_31509055 | PMID_31822006 | PMID_33532864 | PMID_35005812,7
ITGB4,HGNC:6158,ITGB4,PMID_35325889 | PMID_34264297 | PMID_33664247 | PMID_30476936 | PMID_29801666 | PMID_31027891 | PMID_33532864,7
ITSN1,HGNC:6183,ITSN1,PMID_34264297 | PMID_33532864,2
ITSN2,HGNC:6184,ITSN2,PMID_35325889 | PMID_34264297,2
JAG1,HGNC:6188,JAG1,PMID_35325889 | PMID_34264297 | PMID_33664247 | PMID_30476936 | PMID_31509055 | PMID_31822006 | PMID_29801666 | PMID_31027891 | PMID_33532864 | PMID_35005812,10
JAM3,HGNC:15532,JAM3,PMID_30476936,1
KANK1,HGNC:19309,KANK1,PMID_35325889 | PMID_34264297 | PMID_33664247 | PMID_30476936 | PMID_29801666 | PMID_31027891 | PMID_33532864,7
KANK2,HGNC:29300,KANK2,PMID_34264297 | PMID_33664247 | PMID_30476936 | PMID_29801666 | PMID_33532864,5
KANK4,HGNC:27263,KANK4,PMID_33664247 | PMID_30476936 | PMID_29801666 | PMID_33532864,4
KANSL1,HGNC:24565,KANSL1,PMID_35325889 | PMID_30476936,2
KAT6B,HGNC:17582,KAT6B,PMID_35325889 | PMID_30476936,2
KATNIP,HGNC:29068,KIAA0556,PMID_34264297,1
KCNA1,HGNC:6218,KCNA1,PMID_35325889 | PMID_34264297 | PMID_33664247 | PMID_30476936,4
KCNH1,HGNC:6250,KCNH1,PMID_30476936,1
KCNJ1,HGNC:6255,KCNJ1,PMID_35325889 | PMID_34264297 | PMID_36035137 | PMID_33664247 | PMID_30476936 | PMID_31509055 | PMID_31822006 | PMID_31027891 | PMID_26862157 | PMID_33532864,10
KCNJ10,HGNC:6256,KCNJ10,PMID_35325889 | PMID_34264297 | PMID_33664247 | PMID_30476936 | PMID_33532864,5
KCNJ11,HGNC:6257,KCNJ11,PMID_35325889,1
KCNJ16,HGNC:6262,KCNJ16,PMID_34264297,1
KCNJ5,HGNC:6266,KCNJ5,PMID_35325889 | PMID_30476936 | PMID_31027891,3
KCNK3,HGNC:6278,KCNK3,PMID_35325889,1
KCTD1,HGNC:18249,KCTD1,PMID_35325889 | PMID_30476936,2
KDM1A,HGNC:29079,KDM1A,PMID_30476936,1
KDM6A,HGNC:12637,KDM6A,PMID_33664247 | PMID_30476936,2
KIAA0586,HGNC:19960,KIAA0586,PMID_34264297 | PMID_35005812,2
KIF14,HGNC:19181,KIF14,PMID_34264297 | PMID_30476936 | PMID_29801666 | PMID_33532864 | PMID_35005812,5
KIF7,HGNC:30497,KIF7,PMID_34264297 | PMID_33664247 | PMID_30476936 | PMID_31509055 | PMID_31822006 | PMID_31027891,6
KIRREL2,HGNC:18816,KIRREL2,PMID_33532864,1
KL,HGNC:6344,KL,PMID_35325889 | PMID_33664247 | PMID_30476936,3
KLF11,HGNC:11811,KLF11,PMID_35325889,1
KLHL3,HGNC:6354,KLHL3,PMID_35325889 | PMID_34264297 | PMID_33664247 | PMID_30476936 | PMID_31509055 | PMID_31822006 | PMID_31027891 | PMID_33532864,8
KMT2D,HGNC:7133,KMT2D,PMID_33664247 | PMID_30476936,2
KRAS,HGNC:6407,KRAS,PMID_35325889 | PMID_30476936,2
KYNU,HGNC:6469,KYNU,PMID_30476936,1
LAGE3,HGNC:26058,LAGE3,PMID_34264297 | PMID_33532864,2
LAMA5,HGNC:6485,LAMA5,PMID_34264297 | PMID_29801666 | PMID_33532864,3
LAMB2,HGNC:6487,LAMB2,PMID_35325889 | PMID_34264297 | PMID_36035137 | PMID_33664247 | PMID_30476936 | PMID_31509055 | PMID_31822006 | PMID_29801666 | PMID_31027891 | PMID_26862157 | PMID_33532864,11
LAMB3,HGNC:6490,LAMB3,PMID_30476936,1
LAMC2,HGNC:6493,LAMC2,PMID_30476936,1
LARS1,HGNC:6512,LARS,PMID_30476936,1
LCAT,HGNC:6522,LCAT,PMID_35325889 | PMID_30476936 | PMID_31509055 | PMID_31822006,4
LDHA,HGNC:6535,LDHA,PMID_35325889 | PMID_30476936,2
LFNG,HGNC:6560,LFNG,PMID_30476936,1
LGR4,HGNC:13299,LGR4,PMID_33532864,1
LHX1,HGNC:6593,LHX1,PMID_34264297 | PMID_35005812,2
LIFR,HGNC:6597,LIFR,PMID_34264297 | PMID_33532864 | PMID_35005812,3
LMBRD1,HGNC:23038,LMBRD1,PMID_30476936,1
LMNA,HGNC:6636,LMNA,PMID_35325889 | PMID_33664247 | PMID_30476936 | PMID_33532864,4
LMX1B,HGNC:6654,LMX1B,PMID_35325889 | PMID_34264297 | PMID_36035137 | PMID_33664247 | PMID_30476936 | PMID_31509055 | PMID_31822006 | PMID_29801666 | PMID_31027891 | PMID_26862157 | PMID_33532864,11
LONP1,HGNC:9479,LONP1,PMID_30476936,1
LPIN1,HGNC:13345,LPIN1,PMID_35325889 | PMID_36035137 | PMID_30476936 | PMID_26862157,4
LRIG2,HGNC:20889,LRIG2,PMID_34264297 | PMID_33664247 | PMID_30476936 | PMID_31509055 | PMID_31822006 | PMID_33532864 | PMID_35005812,7
LRP2,HGNC:6694,LRP2,PMID_35325889 | PMID_30476936,2
LRP4,HGNC:6696,LRP4,PMID_35325889 | PMID_34264297 | PMID_33664247 | PMID_30476936 | PMID_31027891 | PMID_33532864 | PMID_35005812,7
LRP5,HGNC:6697,LRP5,PMID_35325889 | PMID_33532864,2
LTBP4,HGNC:6717,LTBP4,PMID_30476936,1
LYZ,HGNC:6740,LYZ,PMID_35325889 | PMID_30476936 | PMID_31509055 | PMID_31822006 | PMID_31027891 | PMID_33532864,6
LZTFL1,HGNC:6741,LZTFL1,PMID_35325889 | PMID_34264297 | PMID_33664247 | PMID_30476936 | PMID_29801666 | PMID_31027891 | PMID_33532864 | PMID_35005812,8
MAFB,HGNC:6408,MAFB,PMID_35325889 | PMID_30476936,2
MAGED2,HGNC:16353,MAGED2,PMID_34264297 | PMID_33664247 | PMID_30476936,3
MAGI2,HGNC:18957,MAGI2,PMID_35325889 | PMID_34264297 | PMID_33664247 | PMID_31509055 | PMID_31822006 | PMID_31027891 | PMID_33532864,7
MAGT1,HGNC:28880,MAGT1,PMID_33664247,1
MAP2K1,HGNC:6840,MAP2K1,PMID_30476936,1
MAP2K2,HGNC:6842,MAP2K2,PMID_30476936,1
MAP7D3,HGNC:25742,MAP7D3,PMID_34264297,1
MAPKBP1,HGNC:29536,MAPKBP1,PMID_34264297 | PMID_31509055 | PMID_31822006 | PMID_33532864 | PMID_35005812,5
MAPRE2,HGNC:6891,MAPRE2,PMID_30476936,1
MASP1,HGNC:6901,MASP1,PMID_31509055 | PMID_31822006,2
MBTPS2,HGNC:15455,MBTPS2,PMID_30476936,1
MC4R,HGNC:6932,MC4R,PMID_35325889,1
MEFV,HGNC:6998,MEFV,PMID_35325889 | PMID_30476936 | PMID_31509055 | PMID_31822006 | PMID_33532864,5
MEN1,HGNC:7010,MEN1,PMID_33532864,1
MESP2,HGNC:29659,MESP2,PMID_30476936,1
MET,HGNC:7029,MET,PMID_29801666 | PMID_33532864,2
MIR17HG,HGNC:23564,MIR17HG,PMID_30476936,1
MKKS,HGNC:7108,MKKS,PMID_35325889 | PMID_34264297 | PMID_33664247 | PMID_30476936 | PMID_31509055 | PMID_31822006 | PMID_29801666 | PMID_31027891 | PMID_33532864 | PMID_35005812,10
MKS1,HGNC:7121,MKS1,PMID_34264297 | PMID_36035137 | PMID_33664247 | PMID_30476936 | PMID_31509055 | PMID_31822006 | PMID_29801666 | PMID_31027891 | PMID_26862157 | PMID_33532864 | PMID_35005812,11
MLH1,HGNC:7127,MLH1,PMID_30476936,1
MMACHC,HGNC:24525,MMACHC,PMID_35325889 | PMID_33664247 | PMID_30476936 | PMID_31027891,4
MMUT,HGNC:7526,MUT,PMID_35325889 | PMID_30476936,2
MNX1,HGNC:4979,MNX1,PMID_35325889 | PMID_30476936,2
MOCOS,HGNC:18234,MOCOS,PMID_35325889,1
MPV17,HGNC:7224,MPV17,PMID_31027891,1
MRPS22,HGNC:14508,MRPS22,PMID_30476936,1
MSH2,HGNC:7325,MSH2,PMID_30476936,1
MSH6,HGNC:7329,MSH6,PMID_30476936,1
MT-TL1,HGNC:7490,MTTL1 | MT-TL1,PMID_34264297 | PMID_26862157,2
MTM1,HGNC:7448,MTM1,PMID_30476936,1
MUC1,HGNC:7508,MUC1,PMID_34264297 | PMID_30476936 | PMID_31509055 | PMID_31822006 | PMID_29801666 | PMID_31027891 | PMID_33532864,7
MVK,HGNC:7530,MVK,PMID_35325889 | PMID_30476936,2
MYCN,HGNC:7559,MYCN,PMID_35325889 | PMID_30476936,2
MYH11,HGNC:7569,MYH11,PMID_34264297 | PMID_35005812,2
MYH9,HGNC:7579,MYH9,PMID_35325889 | PMID_34264297 | PMID_33664247 | PMID_30476936 | PMID_31509055 | PMID_31822006 | PMID_29801666 | PMID_31027891 | PMID_33532864,9
MYO1E,HGNC:7599,MYO1E,PMID_35325889 | PMID_34264297 | PMID_36035137 | PMID_33664247 | PMID_30476936 | PMID_31509055 | PMID_31822006 | PMID_29801666 | PMID_31027891 | PMID_33532864,10
MYOCD,HGNC:16067,MYOCD,PMID_35005812,1
NAA10,HGNC:18704,NAA10,PMID_30476936,1
NADSYN1,HGNC:29832,NADSYN1,PMID_34264297,1
NARS2,HGNC:26274,NARS2,PMID_30476936,1
NBN,HGNC:7652,NBN,PMID_30476936,1
NECTIN1,HGNC:9706,NECTIN1,PMID_30476936,1
NEDD4L,HGNC:7728,NEDD4L,PMID_35325889,1
NEIL1,HGNC:18448,NEIL1,PMID_29801666 | PMID_33532864,2
NEK1,HGNC:7744,NEK1,PMID_33664247 | PMID_30476936 | PMID_29801666 | PMID_31027891 | PMID_33532864 | PMID_35005812,6
NEK8,HGNC:13387,NEK8,PMID_35325889 | PMID_34264297 | PMID_36035137 | PMID_33664247 | PMID_30476936 | PMID_31509055 | PMID_31822006 | PMID_29801666 | PMID_31027891 | PMID_26862157 | PMID_33532864 | PMID_35005812,12
NEUROD1,HGNC:7762,NEUROD1,PMID_35325889,1
NEXMIF,HGNC:29433,NEXMIF,PMID_30476936,1
NF1,HGNC:7765,NF1,PMID_35325889 | PMID_30476936,2
NFIA,HGNC:7784,NFIA,PMID_36035137 | PMID_26862157 | PMID_33532864,3
NHERF1,HGNC:11075,SLC9A3R1,PMID_35325889 | PMID_34264297 | PMID_36035137 | PMID_33664247 | PMID_30476936 | PMID_31509055 | PMID_31822006 | PMID_31027891 | PMID_26862157 | PMID_33532864,10
NHP2,HGNC:14377,NHP2,PMID_30476936,1
NIPBL,HGNC:28862,NIPBL,PMID_33664247 | PMID_30476936,2
NLRP3,HGNC:16400,NLRP3,PMID_35325889 | PMID_30476936,2
NOS1AP,HGNC:16859,NOS1AP,PMID_33532864,1
NOTCH2,HGNC:7882,NOTCH2,PMID_35325889 | PMID_34264297 | PMID_33664247 | PMID_30476936 | PMID_31509055 | PMID_31822006 | PMID_29801666 | PMID_33532864 | PMID_35005812,9
NOTCH3,HGNC:7883,NOTCH3,PMID_30476936,1
NPHP1,HGNC:7905,NPHP1,PMID_35325889 | PMID_34264297 | PMID_36035137 | PMID_33664247 | PMID_30476936 | PMID_31509055 | PMID_31822006 | PMID_29801666 | PMID_31027891 | PMID_26862157 | PMID_33532864 | PMID_35005812,12
NPHP3,HGNC:7907,NPHP3,PMID_35325889 | PMID_34264297 | PMID_36035137 | PMID_33664247 | PMID_30476936 | PMID_31509055 | PMID_31822006 | PMID_29801666 | PMID_31027891 | PMID_26862157 | PMID_33532864 | PMID_35005812,12
NPHP4,HGNC:19104,NPHP4,PMID_35325889 | PMID_34264297 | PMID_36035137 | PMID_33664247 | PMID_30476936 | PMID_31509055 | PMID_31822006 | PMID_29801666 | PMID_31027891 | PMID_26862157 | PMID_33532864 | PMID_35005812,12
NPHS1,HGNC:7908,NPHS1,PMID_35325889 | PMID_34264297 | PMID_36035137 | PMID_33664247 | PMID_30476936 | PMID_31509055 | PMID_31822006 | PMID_29801666 | PMID_31027891 | PMID_26862157 | PMID_33532864 | PMID_35005812,12
NPHS2,HGNC:13394,NPHS2,PMID_35325889 | PMID_34264297 | PMID_36035137 | PMID_33664247 | PMID_30476936 | PMID_31509055 | PMID_31822006 | PMID_29801666 | PMID_31027891 | PMID_26862157 | PMID_33532864,11
NR0B1,HGNC:7960,NR0B1,PMID_35325889 | PMID_30476936,2
NR3C1,HGNC:7978,NR3C1,PMID_35325889,1
NR3C2,HGNC:7979,NR3C2,PMID_35325889 | PMID_34264297 | PMID_36035137 | PMID_33664247 | PMID_30476936 | PMID_31509055 | PMID_31822006 | PMID_31027891 | PMID_26862157 | PMID_33532864,10
NRIP1,HGNC:8001,NRIP1,PMID_33532864,1
NSD1,HGNC:14234,NSD1,PMID_35325889 | PMID_30476936,2
NSDHL,HGNC:13398,NSDHL,PMID_35325889 | PMID_30476936,2
"NUP107",HGNC:29914,"NUP107",PMID_34264297 | PMID_33664247 | PMID_30476936 | PMID_31509055 | PMID_31822006 | PMID_29801666 | PMID_33532864,7
"NUP133",HGNC:18016,"NUP133",PMID_34264297,1
"NUP160",HGNC:18017,"NUP160",PMID_34264297,1
"NUP205",HGNC:18658,"NUP205",PMID_34264297 | PMID_33664247 | PMID_30476936 | PMID_31509055 | PMID_31822006 | PMID_29801666 | PMID_33532864,7
"NUP85",HGNC:8734,"NUP85",PMID_34264297,1
"NUP93",HGNC:28958,"NUP93",PMID_34264297 | PMID_33664247 | PMID_30476936 | PMID_31509055 | PMID_31822006 | PMID_29801666 | PMID_33532864,7
NXF5,HGNC:8075,NXF5,PMID_36035137 | PMID_29801666 | PMID_31027891 | PMID_26862157 | PMID_33532864,5
OCLN,HGNC:8104,OCLN,PMID_30476936,1
OCRL,HGNC:8108,OCRL,PMID_35325889 | PMID_34264297 | PMID_36035137 | PMID_33664247 | PMID_30476936 | PMID_31509055 | PMID_31822006 | PMID_31027891 | PMID_26862157 | PMID_33532864,10
OFD1,HGNC:2567,OFD1,PMID_35325889 | PMID_34264297 | PMID_30476936 | PMID_31509055 | PMID_31822006 | PMID_29801666 | PMID_31027891 | PMID_33532864 | PMID_35005812,9
OPLAH,HGNC:8149,OPLAH,PMID_35325889 | PMID_30476936,2
OSGEP,HGNC:18028,OSGEP,PMID_34264297 | PMID_33532864 | PMID_35005812,3
OXGR1,HGNC:4531,OXGR1,PMID_33532864,1
PAF1,HGNC:25459,PAF1,PMID_30476936,1
PALB2,HGNC:26144,PALB2,PMID_35325889 | PMID_30476936,2
PAX2,HGNC:8616,PAX2,PMID_35325889 | PMID_34264297 | PMID_36035137 | PMID_33664247 | PMID_30476936 | PMID_31509055 | PMID_31822006 | PMID_29801666 | PMID_31027891 | PMID_26862157 | PMID_33532864 | PMID_35005812,12
PAX4,HGNC:8618,PAX4,PMID_35325889,1
PAX8,HGNC:8622,PAX8,PMID_33532864,1
PBX1,HGNC:8632,PBX1,PMID_35325889 | PMID_34264297 | PMID_33664247 | PMID_33532864 | PMID_35005812,5
PC,HGNC:8636,PC,PMID_30476936,1
PCARE,HGNC:34383,PCARE,PMID_35005812,1
PCBD1,HGNC:8646,PCBD1,PMID_35325889 | PMID_33664247,2
PDE6D,HGNC:8788,PDE6D,PMID_34264297 | PMID_30476936 | PMID_29801666 | PMID_33532864 | PMID_35005812,5
PDSS1,HGNC:17759,PDSS1,PMID_35325889 | PMID_30476936,2
PDSS2,HGNC:23041,PDSS2,PMID_35325889 | PMID_34264297 | PMID_36035137 | PMID_33664247 | PMID_30476936 | PMID_31509055 | PMID_31822006 | PMID_29801666 | PMID_31027891 | PMID_26862157 | PMID_33532864,11
PDX1,HGNC:6107,PDX1,PMID_35325889,1
PET100,HGNC:40038,PET100,PMID_35325889 | PMID_30476936,2
PEX1,HGNC:8850,PEX1,PMID_30476936,1
PEX10,HGNC:8851,PEX10,PMID_30476936,1
PEX11B,HGNC:8853,PEX11B,PMID_30476936,1
PEX12,HGNC:8854,PEX12,PMID_30476936,1
PEX13,HGNC:8855,PEX13,PMID_30476936,1
PEX14,HGNC:8856,PEX14,PMID_30476936,1
PEX16,HGNC:8857,PEX16,PMID_30476936,1
PEX19,HGNC:9713,PEX19,PMID_30476936,1
PEX2,HGNC:9717,PEX2,PMID_30476936,1
PEX26,HGNC:22965,PEX26,PMID_30476936,1
PEX3,HGNC:8858,PEX3,PMID_30476936,1
PEX5,HGNC:9719,PEX5,PMID_30476936,1
PEX6,HGNC:8859,PEX6,PMID_30476936,1
PGK1,HGNC:8896,PGK1,PMID_35325889 | PMID_30476936,2
PGM3,HGNC:8907,PGM3,PMID_30476936,1
PHEX,HGNC:8918,PHEX,PMID_35325889 | PMID_33664247 | PMID_30476936 | PMID_31027891 | PMID_33532864,5
PHGDH,HGNC:8923,PHGDH,PMID_30476936,1
PIBF1,HGNC:23352,PIBF1,PMID_34264297,1
PIEZO2,HGNC:26270,PIEZO2,PMID_30476936,1
PIGA,HGNC:8957,PIGA,PMID_30476936,1
PIGL,HGNC:8966,PIGL,PMID_30476936,1
PIGN,HGNC:8967,PIGN,PMID_30476936,1
PIGT,HGNC:14938,PIGT,PMID_30476936,1
PIK3CA,HGNC:8975,PIK3CA,PMID_30476936,1
PIK3R2,HGNC:8980,PIK3R2,PMID_30476936,1
PITX2,HGNC:9005,PITX2,PMID_30476936,1
PKD1,HGNC:9008,PKD1,PMID_35325889 | PMID_34264297 | PMID_36035137 | PMID_30476936 | PMID_31509055 | PMID_31822006 | PMID_29801666 | PMID_31027891 | PMID_26862157 | PMID_33532864,10
PKD2,HGNC:9009,PKD2,PMID_35325889 | PMID_34264297 | PMID_36035137 | PMID_30476936 | PMID_31509055 | PMID_31822006 | PMID_29801666 | PMID_31027891 | PMID_26862157 | PMID_33532864,10
PKHD1,HGNC:9016,PKHD1,PMID_35325889 | PMID_34264297 | PMID_36035137 | PMID_33664247 | PMID_30476936 | PMID_31509055 | PMID_31822006 | PMID_29801666 | PMID_31027891 | PMID_26862157 | PMID_33532864 | PMID_35005812,12
PKHD1L1,HGNC:20313,PKHD1L1,PMID_31509055 | PMID_31822006,2
PLCE1,HGNC:17175,PLCE1,PMID_35325889 | PMID_36035137 | PMID_33664247 | PMID_30476936 | PMID_31509055 | PMID_31822006 | PMID_29801666 | PMID_31027891 | PMID_26862157 | PMID_33532864,10
PLCG2,HGNC:9066,PLCG2,PMID_35325889,1
PLG,HGNC:9071,PLG,PMID_35325889 | PMID_30476936,2
PLOD1,HGNC:9081,PLOD1,PMID_30476936,1
PMM2,HGNC:9115,PMM2,PMID_35325889 | PMID_34264297 | PMID_30476936 | PMID_33532864 | PMID_35005812,5
PNPLA6,HGNC:16268,PNPLA6,PMID_30476936,1
POC1A,HGNC:24488,POC1A,PMID_29801666 | PMID_33532864,2
POC1B,HGNC:30836,POC1B,PMID_35005812,1
PODXL,HGNC:9171,PODXL,PMID_29801666 | PMID_33532864,2
POMC,HGNC:9201,POMC,PMID_30476936,1
POMT1,HGNC:9202,POMT1,PMID_30476936,1
POR,HGNC:9208,POR,PMID_30476936,1
PORCN,HGNC:17652,PORCN,PMID_30476936,1
PPP1R15B,HGNC:14951,PPP1R15B,PMID_30476936,1
PPP3CA,HGNC:9314,PPP3CA,PMID_35325889,1
PQBP1,HGNC:9330,PQBP1,PMID_30476936,1
PRDM15,HGNC:13999,PRDM15,PMID_33532864,1
PREPL,HGNC:30228,PREPL,PMID_36035137,1
PRKCD,HGNC:9399,PRKCD,PMID_30476936,1
PRKCSH,HGNC:9411,PRKCSH,PMID_35325889 | PMID_29801666 | PMID_33532864,3
PRODH,HGNC:9453,PRODH,PMID_35325889 | PMID_30476936,2
PROK2,HGNC:18455,PROK2,PMID_33532864,1
PROKR2,HGNC:15836,PROKR2,PMID_35325889 | PMID_30476936 | PMID_33532864,3
PRPS1,HGNC:9462,PRPS1,PMID_35325889 | PMID_30476936 | PMID_31509055 | PMID_31822006,4
PSAP,HGNC:9498,PSAP,PMID_30476936,1
PTEN,HGNC:9588,PTEN,PMID_30476936,1
PTH,HGNC:9606,PTH,PMID_30476936 | PMID_33532864,2
PTH1R,HGNC:9608,PTH1R,PMID_35325889 | PMID_33664247 | PMID_30476936,3
PTPN11,HGNC:9644,PTPN11,PMID_35325889 | PMID_30476936,2
PTPRO,HGNC:9678,PTPRO,PMID_35325889 | PMID_34264297 | PMID_36035137 | PMID_33664247 | PMID_30476936 | PMID_31509055 | PMID_31822006 | PMID_29801666 | PMID_31027891 | PMID_33532864,10
PUF60,HGNC:17042,PUF60,PMID_30476936,1
PYGM,HGNC:9726,PYGM,PMID_30476936,1
RAB18,HGNC:14244,RAB18,PMID_30476936,1
RAB23,HGNC:14263,RAB23,PMID_30476936,1
RAB3GAP1,HGNC:17063,RAB3GAP1,PMID_30476936,1
RAB3GAP2,HGNC:17168,RAB3GAP2,PMID_30476936,1
RAD51C,HGNC:9820,RAD51C,PMID_35325889 | PMID_30476936,2
RAI1,HGNC:9834,RAI1,PMID_30476936,1
RAP1A,HGNC:9855,RAP1A,PMID_30476936,1
RAP1B,HGNC:9857,RAP1B,PMID_30476936,1
RBBP8,HGNC:9891,RBBP8,PMID_30476936,1
RBM10,HGNC:9896,RBM10,PMID_30476936,1
RBM8A,HGNC:9905,RBM8A,PMID_30476936,1
RECQL4,HGNC:9949,RECQL4,PMID_30476936,1
REN,HGNC:9958,REN,PMID_35325889 | PMID_34264297 | PMID_33664247 | PMID_30476936 | PMID_31509055 | PMID_31822006 | PMID_29801666 | PMID_31027891 | PMID_33532864 | PMID_35005812,10
RERE,HGNC:9965,RERE,PMID_30476936,1
RET,HGNC:9967,RET,PMID_35325889 | PMID_34264297 | PMID_36035137 | PMID_33664247 | PMID_30476936 | PMID_31509055 | PMID_31822006 | PMID_31027891 | PMID_26862157 | PMID_33532864 | PMID_35005812,11
RIN2,HGNC:18750,RIN2,PMID_30476936,1
RIPK4,HGNC:496,RIPK4,PMID_30476936,1
RIPPLY2,HGNC:21390,RIPPLY2,PMID_30476936,1
RLIG1,HGNC:25322,C12orf29,PMID_36035137,1
RMND1,HGNC:21176,RMND1,PMID_35325889 | PMID_30476936,2
RNU4ATAC,HGNC:34016,RNU4ATAC,PMID_30476936,1
ROBO1,HGNC:10249,ROBO1,PMID_33532864,1
ROBO2,HGNC:10250,ROBO2,PMID_35325889 | PMID_33664247 | PMID_30476936 | PMID_31509055 | PMID_31822006 | PMID_31027891 | PMID_33532864 | PMID_35005812,8
ROR2,HGNC:10257,ROR2,PMID_35325889 | PMID_33664247 | PMID_30476936 | PMID_33532864,4
RPGRIP1L,HGNC:29168,RPGRIP1L,PMID_35325889 | PMID_34264297 | PMID_36035137 | PMID_33664247 | PMID_30476936 | PMID_31509055 | PMID_31822006 | PMID_29801666 | PMID_31027891 | PMID_26862157 | PMID_33532864 | PMID_35005812,12
RPL11,HGNC:10301,RPL11,PMID_35325889 | PMID_30476936,2
RPL26,HGNC:10327,RPL26,PMID_35325889 | PMID_30476936,2
RPL35A,HGNC:10345,RPL35A,PMID_35325889 | PMID_30476936,2
RPL5,HGNC:10360,RPL5,PMID_35325889 | PMID_30476936,2
RPS10,HGNC:10383,RPS10,PMID_35325889 | PMID_30476936,2
RPS17,HGNC:10397,RPS17,PMID_35325889 | PMID_30476936,2
RPS19,HGNC:10402,RPS19,PMID_35325889 | PMID_30476936,2
RPS24,HGNC:10411,RPS24,PMID_35325889 | PMID_30476936,2
RPS26,HGNC:10414,RPS26,PMID_35325889 | PMID_30476936,2
RPS28,HGNC:10418,RPS28,PMID_30476936,1
RPS29,HGNC:10419,RPS29,PMID_30476936,1
RPS7,HGNC:10440,RPS7,PMID_35325889 | PMID_30476936,2
RRM2B,HGNC:17296,RRM2B,PMID_35325889 | PMID_30476936 | PMID_31509055 | PMID_31822006,4
RTTN,HGNC:18654,RTTN,PMID_30476936,1
SALL1,HGNC:10524,SALL1,PMID_35325889 | PMID_34264297 | PMID_36035137 | PMID_33664247 | PMID_30476936 | PMID_31509055 | PMID_31822006 | PMID_31027891 | PMID_26862157 | PMID_33532864 | PMID_35005812,11
SALL4,HGNC:15924,SALL4,PMID_35325889 | PMID_34264297 | PMID_33664247 | PMID_30476936 | PMID_35005812,5
SARS2,HGNC:17697,SARS2,PMID_35325889 | PMID_30476936 | PMID_31509055 | PMID_31822006,4
SBDS,HGNC:19440,SBDS,PMID_30476936,1
SC5D,HGNC:10547,SC5D,PMID_30476936,1
SCARB2,HGNC:1665,SCARB2,PMID_35325889 | PMID_34264297 | PMID_36035137 | PMID_33664247 | PMID_30476936 | PMID_31509055 | PMID_31822006 | PMID_29801666 | PMID_31027891 | PMID_26862157 | PMID_33532864,11
SCLT1,HGNC:26406,SCLT1,PMID_29801666 | PMID_33532864 | PMID_35005812,3
SCN4A,HGNC:10591,SCN4A,PMID_35325889 | PMID_30476936,2
SCNN1A,HGNC:10599,SCNN1A,PMID_35325889 | PMID_34264297 | PMID_36035137 | PMID_33664247 | PMID_30476936 | PMID_26862157 | PMID_33532864,7
SCNN1B,HGNC:10600,SCNN1B,PMID_35325889 | PMID_34264297 | PMID_36035137 | PMID_33664247 | PMID_30476936 | PMID_31509055 | PMID_31822006 | PMID_31027891 | PMID_26862157 | PMID_33532864,10
SCNN1G,HGNC:10602,SCNN1G,PMID_35325889 | PMID_34264297 | PMID_33664247 | PMID_30476936 | PMID_31509055 | PMID_31822006 | PMID_31027891 | PMID_33532864,8
SCO1,HGNC:10603,SCO1,PMID_35325889 | PMID_30476936,2
SDCCAG8,HGNC:10671,SDCCAG8,PMID_35325889 | PMID_34264297 | PMID_33664247 | PMID_30476936 | PMID_31509055 | PMID_31822006 | PMID_29801666 | PMID_31027891 | PMID_33532864 | PMID_35005812,10
SDHA,HGNC:10680,SDHA,PMID_31027891,1
SDHAF2,HGNC:26034,SDHAF2,PMID_31027891,1
SDHB,HGNC:10681,SDHB,PMID_30476936 | PMID_29801666 | PMID_31027891 | PMID_33532864,4
SDHC,HGNC:10682,SDHC,PMID_30476936 | PMID_31027891,2
SDHD,HGNC:10683,SDHD,PMID_30476936 | PMID_29801666 | PMID_31027891 | PMID_33532864,4
SEC61A1,HGNC:18276,SEC61A1,PMID_34264297 | PMID_33664247 | PMID_31509055 | PMID_31822006 | PMID_33532864,5
SEC63,HGNC:21082,SEC63,PMID_35325889 | PMID_29801666 | PMID_33532864,3
SEMA3A,HGNC:10723,SEMA3A,PMID_33664247 | PMID_33532864,2
SEMA3E,HGNC:10727,SEMA3E,PMID_35325889 | PMID_30476936,2
SERPINH1,HGNC:1546,SERPINH1,PMID_30476936,1
SETBP1,HGNC:15573,SETBP1,PMID_30476936 | PMID_33532864,2
SF3B4,HGNC:10771,SF3B4,PMID_30476936,1
SGPL1,HGNC:10817,SGPL1,PMID_34264297 | PMID_31509055 | PMID_31822006 | PMID_33532864,4
SHH,HGNC:10848,SHH,PMID_30476936,1
SHPK,HGNC:1492,SHPK,PMID_36035137,1
SI,HGNC:10856,SI,PMID_35325889 | PMID_30476936,2
SIX1,HGNC:10887,SIX1,PMID_35325889 | PMID_34264297 | PMID_33664247 | PMID_30476936 | PMID_31509055 | PMID_31822006 | PMID_29801666 | PMID_31027891 | PMID_33532864 | PMID_35005812,10
SIX2,HGNC:10888,SIX2,PMID_35325889 | PMID_34264297 | PMID_33664247 | PMID_30476936 | PMID_29801666 | PMID_31027891 | PMID_33532864 | PMID_35005812,8
SIX5,HGNC:10891,SIX5,PMID_35325889 | PMID_34264297 | PMID_33664247 | PMID_30476936 | PMID_31509055 | PMID_31822006 | PMID_29801666 | PMID_31027891 | PMID_33532864 | PMID_35005812,10
SKIC3,HGNC:23639,TTC37,PMID_30476936,1
SLC12A1,HGNC:10910,SLC12A1,PMID_35325889 | PMID_34264297 | PMID_36035137 | PMID_33664247 | PMID_30476936 | PMID_31509055 | PMID_31822006 | PMID_31027891 | PMID_26862157 | PMID_33532864,10
SLC12A2,HGNC:10911,SLC12A2,PMID_35325889,1
SLC12A3,HGNC:10912,SLC12A3,PMID_35325889 | PMID_34264297 | PMID_36035137 | PMID_33664247 | PMID_30476936 | PMID_31509055 | PMID_31822006 | PMID_31027891 | PMID_26862157 | PMID_33532864,10
SLC16A12,HGNC:23094,SLC16A12,PMID_35325889 | PMID_30476936,2
SLC1A1,HGNC:10939,SLC1A1,PMID_30476936 | PMID_31509055 | PMID_31822006 | PMID_31027891,4
SLC22A12,HGNC:17989,SLC22A12,PMID_35325889 | PMID_34264297 | PMID_33664247 | PMID_30476936 | PMID_31509055 | PMID_31822006 | PMID_31027891 | PMID_33532864,8
SLC25A1,HGNC:10979,SLC25A1,PMID_30476936,1
SLC26A1,HGNC:10993,SLC26A1,PMID_35325889 | PMID_33664247 | PMID_31027891,3
SLC26A4,HGNC:8818,SLC26A4,PMID_30476936,1
SLC2A10,HGNC:13444,SLC2A10,PMID_30476936,1
SLC2A2,HGNC:11006,SLC2A2,PMID_35325889 | PMID_34264297 | PMID_30476936 | PMID_31509055 | PMID_31822006 | PMID_31027891,6
SLC2A9,HGNC:13446,SLC2A9,PMID_35325889 | PMID_34264297 | PMID_33664247 | PMID_30476936 | PMID_31509055 | PMID_31822006 | PMID_31027891 | PMID_33532864,8
SLC34A1,HGNC:11019,SLC34A1,PMID_35325889 | PMID_34264297 | PMID_30476936 | PMID_31509055 | PMID_31822006 | PMID_31027891 | PMID_33532864,7
SLC34A3,HGNC:20305,SLC34A3,PMID_35325889 | PMID_34264297 | PMID_30476936 | PMID_31027891 | PMID_33532864,5
SLC36A2,HGNC:18762,SLC36A2,PMID_35325889 | PMID_30476936,2
SLC37A4,HGNC:4061,SLC37A4,PMID_35325889 | PMID_30476936,2
SLC3A1,HGNC:11025,SLC3A1,PMID_35325889 | PMID_34264297 | PMID_36035137 | PMID_30476936 | PMID_31509055 | PMID_31822006 | PMID_31027891 | PMID_26862157 | PMID_33532864,9
SLC41A1,HGNC:19429,SLC41A1,PMID_35325889 | PMID_34264297 | PMID_29801666 | PMID_33532864 | PMID_35005812,5
SLC4A1,HGNC:11027,SLC4A1,PMID_35325889 | PMID_34264297 | PMID_36035137 | PMID_33664247 | PMID_30476936 | PMID_31509055 | PMID_31822006 | PMID_31027891 | PMID_26862157 | PMID_33532864,10
SLC4A4,HGNC:11030,SLC4A4,PMID_35325889 | PMID_34264297 | PMID_36035137 | PMID_33664247 | PMID_30476936 | PMID_31509055 | PMID_31822006 | PMID_31027891 | PMID_26862157 | PMID_33532864,10
SLC5A1,HGNC:11036,SLC5A1,PMID_35325889 | PMID_36035137 | PMID_26862157,3
SLC5A2,HGNC:11037,SLC5A2,PMID_35325889 | PMID_34264297 | PMID_36035137 | PMID_30476936 | PMID_31509055 | PMID_31822006 | PMID_31027891 | PMID_26862157 | PMID_33532864,9
SLC6A19,HGNC:27960,SLC6A19,PMID_35325889 | PMID_30476936,2
SLC6A20,HGNC:30927,SLC6A20,PMID_35325889 | PMID_30476936,2
SLC7A13,HGNC:23092,SLC7A13,PMID_33532864,1
SLC7A7,HGNC:11065,SLC7A7,PMID_35325889 | PMID_30476936 | PMID_31509055 | PMID_31822006 | PMID_31027891,5
SLC7A9,HGNC:11067,SLC7A9,PMID_35325889 | PMID_34264297 | PMID_36035137 | PMID_33664247 | PMID_30476936 | PMID_31509055 | PMID_31822006 | PMID_31027891 | PMID_26862157 | PMID_33532864,10
SLIT2,HGNC:11086,SLIT2,PMID_33664247 | PMID_30476936 | PMID_33532864 | PMID_35005812,4
SLIT3,HGNC:11087,SLIT3,PMID_33532864,1
SLX4,HGNC:23845,SLX4,PMID_35325889 | PMID_30476936,2
SMAD3,HGNC:6769,SMAD3,PMID_30476936,1
SMAD9,HGNC:6774,SMAD9,PMID_35325889,1
SMARCAL1,HGNC:11102,SMARCAL1,PMID_35325889 | PMID_34264297 | PMID_36035137 | PMID_33664247 | PMID_30476936 | PMID_31509055 | PMID_31822006 | PMID_29801666 | PMID_31027891 | PMID_26862157 | PMID_33532864,11
SMARCE1,HGNC:11109,SMARCE1,PMID_30476936,1
SMC1A,HGNC:11111,SMC1A,PMID_35325889 | PMID_30476936,2
SMOC1,HGNC:20318,SMOC1,PMID_30476936,1
SNRPB,HGNC:11153,SNRPB,PMID_30476936,1
SOX11,HGNC:11191,SOX11,PMID_30476936,1
SOX17,HGNC:18122,SOX17,PMID_35325889 | PMID_36035137 | PMID_33664247 | PMID_30476936 | PMID_31509055 | PMID_31822006 | PMID_31027891 | PMID_26862157 | PMID_33532864,9
SOX18,HGNC:11194,SOX18,PMID_35325889 | PMID_30476936,2
SOX9,HGNC:11204,SOX9,PMID_30476936 | PMID_33532864,2
SPARC,HGNC:11219,on,PMID_33664247,1
SPECC1L,HGNC:29022,SPECC1L,PMID_30476936,1
SPINT2,HGNC:11247,SPINT2,PMID_30476936,1
SRCAP,HGNC:16974,SRCAP,PMID_35325889 | PMID_30476936,2
SRGAP1,HGNC:17382,SRGAP1,PMID_33664247 | PMID_33532864 | PMID_35005812,3
STAR,HGNC:11359,STAR,PMID_35325889 | PMID_30476936,2
STK11,HGNC:11389,STK11,PMID_30476936,1
STK39,HGNC:17717,STK39,PMID_35325889,1
STRA6,HGNC:30650,STRA6,PMID_30476936,1
STRADA,HGNC:30172,STRADA,PMID_30476936,1
STUB1,HGNC:11427,STUB1,PMID_30476936,1
STX16,HGNC:11431,STX16,PMID_35325889 | PMID_30476936,2
SUCLA2,HGNC:11448,SUCLA2,PMID_30476936,1
SUFU,HGNC:16466,SUFU,PMID_34264297,1
SUGCT,HGNC:16001,SUGCT,PMID_30476936,1
SYNPO,HGNC:30672,SYNPO,PMID_35325889,1
TACO1,HGNC:24316,TACO1,PMID_35325889 | PMID_30476936,2
TAPT1,HGNC:26887,TAPT1,PMID_30476936,1
TBC1D1,HGNC:11578,TBC1D1,PMID_34264297 | PMID_33664247 | PMID_33532864 | PMID_35005812,4
TBC1D20,HGNC:16133,TBC1D20,PMID_30476936,1
TBC1D24,HGNC:29203,TBC1D24,PMID_30476936,1
TBC1D32,HGNC:21485,TBC1D32,PMID_29801666 | PMID_33532864 | PMID_35005812,3
TBC1D8B,HGNC:24715,TBC1D8B,PMID_34264297,1
TBCE,HGNC:11582,TBCE,PMID_30476936,1
TBX1,HGNC:11592,TBX1,PMID_33532864,1
TBX18,HGNC:11595,TBX18,PMID_34264297 | PMID_33664247 | PMID_30476936 | PMID_31509055 | PMID_31822006 | PMID_33532864 | PMID_35005812,7
TBX3,HGNC:11602,TBX3,PMID_34264297 | PMID_35005812,2
TBX6,HGNC:11605,TBX6,PMID_33532864,1
TCTN1,HGNC:26113,TCTN1,PMID_34264297 | PMID_33664247 | PMID_31509055 | PMID_31822006 | PMID_31027891 | PMID_35005812,6
TCTN2,HGNC:25774,TCTN2,PMID_34264297 | PMID_36035137 | PMID_33664247 | PMID_30476936 | PMID_31509055 | PMID_31822006 | PMID_29801666 | PMID_31027891 | PMID_26862157 | PMID_33532864 | PMID_35005812,11
TCTN3,HGNC:24519,TCTN3,PMID_34264297 | PMID_30476936 | PMID_31509055 | PMID_31822006 | PMID_33532864 | PMID_35005812,6
TERC,HGNC:11727,TERC,PMID_30476936,1
TFAP2A,HGNC:11742,TFAP2A,PMID_35325889 | PMID_33664247 | PMID_30476936 | PMID_29801666 | PMID_33532864,5
THBD,HGNC:11784,THBD,PMID_35325889 | PMID_34264297 | PMID_33664247 | PMID_31509055 | PMID_31822006 | PMID_31027891,6
THOC6,HGNC:28369,THOC6,PMID_30476936,1
TMCO1,HGNC:18188,TMCO1,PMID_30476936,1
TMEM107,HGNC:28128,TMEM107,PMID_34264297 | PMID_33532864 | PMID_35005812,3
TMEM138,HGNC:26944,TMEM138,PMID_34264297 | PMID_33664247 | PMID_30476936 | PMID_31509055 | PMID_31822006 | PMID_29801666 | PMID_31027891 | PMID_33532864 | PMID_35005812,9
TMEM216,HGNC:25018,TMEM216 | MKS2,PMID_34264297 | PMID_36035137 | PMID_33664247 | PMID_30476936 | PMID_31509055 | PMID_31822006 | PMID_29801666 | PMID_31027891 | PMID_26862157 | PMID_33532864 | PMID_35005812,12
TMEM231,HGNC:37234,TMEM231,PMID_34264297 | PMID_36035137 | PMID_30476936 | PMID_31509055 | PMID_31822006 | PMID_29801666 | PMID_26862157 | PMID_33532864 | PMID_35005812,9
TMEM237,HGNC:14432,TMEM237,PMID_34264297 | PMID_36035137 | PMID_30476936 | PMID_31509055 | PMID_31822006 | PMID_29801666 | PMID_31027891 | PMID_26862157 | PMID_33532864 | PMID_35005812,10
TMEM67,HGNC:28396,TMEM67,PMID_35325889 | PMID_34264297 | PMID_36035137 | PMID_33664247 | PMID_30476936 | PMID_31509055 | PMID_31822006 | PMID_29801666 | PMID_31027891 | PMID_26862157 | PMID_33532864 | PMID_35005812,12
TMEM70,HGNC:26050,TMEM70,PMID_30476936,1
TNFRSF1A,HGNC:11916,TNFRSF1A,PMID_30476936,1
TNS2,HGNC:19737,TNS2,PMID_35325889 | PMID_34264297 | PMID_33532864,3
TNXB,HGNC:11976,TNXB,PMID_30476936 | PMID_31509055 | PMID_31822006 | PMID_31027891 | PMID_33532864,5
TP53RK,HGNC:16197,TP53RK,PMID_35325889 | PMID_34264297 | PMID_33532864,3
TP63,HGNC:15979,TP63,PMID_35325889 | PMID_30476936,2
TPRKB,HGNC:24259,TPRKB,PMID_34264297 | PMID_33532864,2
TRAF3IP1,HGNC:17861,TRAF3IP1,PMID_34264297 | PMID_30476936 | PMID_29801666 | PMID_31027891 | PMID_33532864 | PMID_35005812,6
TRAIP,HGNC:30764,TRAIP,PMID_30476936,1
TRAP1,HGNC:16264,TRAP1,PMID_33664247 | PMID_30476936 | PMID_33532864 | PMID_35005812,4
TREX1,HGNC:12269,TREX1,PMID_30476936,1
TRIM32,HGNC:16380,TRIM32,PMID_35325889 | PMID_34264297 | PMID_30476936 | PMID_31509055 | PMID_31822006 | PMID_29801666 | PMID_31027891 | PMID_33532864 | PMID_35005812,9
TRMT5,HGNC:23141,TRMT5,PMID_30476936,1
TRNT1,HGNC:17341,TRNT1,PMID_30476936,1
TRPC6,HGNC:12338,TRPC6,PMID_35325889 | PMID_34264297 | PMID_36035137 | PMID_33664247 | PMID_30476936 | PMID_31509055 | PMID_31822006 | PMID_29801666 | PMID_31027891 | PMID_26862157 | PMID_33532864,11
TRPM6,HGNC:17995,TRPM6,PMID_35325889 | PMID_34264297 | PMID_33664247 | PMID_30476936,4
TRPS1,HGNC:12340,TRPS1,PMID_33532864,1
TSC1,HGNC:12362,TSC1,PMID_35325889 | PMID_30476936 | PMID_31509055 | PMID_31822006 | PMID_29801666 | PMID_31027891 | PMID_33532864,7
TSC2,HGNC:12363,TSC2,PMID_35325889 | PMID_30476936 | PMID_31509055 | PMID_31822006 | PMID_29801666 | PMID_31027891 | PMID_33532864,7
TSR2,HGNC:25455,TSR2,PMID_30476936,1
TTC21B,HGNC:25660,TTC21B,PMID_35325889 | PMID_34264297 | PMID_36035137 | PMID_33664247 | PMID_30476936 | PMID_31509055 | PMID_31822006 | PMID_29801666 | PMID_31027891 | PMID_33532864 | PMID_35005812,11
TTC8,HGNC:20087,TTC8,PMID_35325889 | PMID_34264297 | PMID_33664247 | PMID_30476936 | PMID_31509055 | PMID_31822006 | PMID_29801666 | PMID_31027891 | PMID_33532864 | PMID_35005812,10
TTR,HGNC:12405,TTR,PMID_35325889 | PMID_30476936,2
TWIST2,HGNC:20670,TWIST2,PMID_30476936,1
TXNL4A,HGNC:30551,TXNL4A,PMID_35325889 | PMID_30476936,2
UBE2T,HGNC:25009,UBE2T,PMID_30476936,1
UBR1,HGNC:16808,UBR1,PMID_30476936,1
UCP3,HGNC:12519,UCP3,PMID_35325889,1
UMOD,HGNC:12559,UMOD,PMID_35325889 | PMID_34264297 | PMID_36035137 | PMID_33664247 | PMID_30476936 | PMID_31509055 | PMID_31822006 | PMID_29801666 | PMID_31027891 | PMID_26862157 | PMID_33532864,11
UMPS,HGNC:12563,UMPS,PMID_30476936,1
UPB1,HGNC:16297,UPB1,PMID_30476936,1
UPK3A,HGNC:12580,UPK3A,PMID_35325889 | PMID_36035137 | PMID_33664247 | PMID_30476936 | PMID_31027891 | PMID_26862157 | PMID_33532864 | PMID_35005812,8
UQCC2,HGNC:21237,UQCC2,PMID_35325889 | PMID_30476936,2
USF2,HGNC:12594,USF2,PMID_36035137 | PMID_26862157,2
USP9X,HGNC:12632,USP9X,PMID_30476936,1
VANGL1,HGNC:15512,VANGL1,PMID_30476936,1
VDR,HGNC:12679,VDR,PMID_35325889 | PMID_33664247 | PMID_31027891 | PMID_33532864,4
VHL,HGNC:12687,VHL,PMID_35325889 | PMID_30476936 | PMID_31509055 | PMID_31822006 | PMID_29801666 | PMID_31027891 | PMID_33532864,7
VIPAS39,HGNC:20347,VIPAS39,PMID_30476936 | PMID_31509055 | PMID_31822006,3
VPS33B,HGNC:12712,VPS33B,PMID_30476936 | PMID_31509055 | PMID_31822006,3
VWA2,HGNC:24709,VWA2,PMID_33532864,1
WAS,HGNC:12731,WAS,PMID_35325889 | PMID_30476936,2
WDPCP,HGNC:28027,WDPCP,PMID_35325889 | PMID_34264297 | PMID_33664247 | PMID_30476936 | PMID_31509055 | PMID_31822006 | PMID_29801666 | PMID_31027891 | PMID_33532864 | PMID_35005812,10
WDR19,HGNC:18340,WDR19,PMID_35325889 | PMID_34264297 | PMID_33664247 | PMID_30476936 | PMID_31509055 | PMID_31822006 | PMID_29801666 | PMID_31027891 | PMID_33532864 | PMID_35005812,10
WDR35,HGNC:29250,WDR35,PMID_33664247 | PMID_30476936 | PMID_31509055 | PMID_31822006 | PMID_29801666 | PMID_31027891 | PMID_33532864 | PMID_35005812,8
WDR4,HGNC:12756,WDR4,PMID_34264297,1
WDR72,HGNC:26790,WDR72,PMID_35325889 | PMID_34264297,2
WDR73,HGNC:25928,WDR73,PMID_35325889 | PMID_34264297 | PMID_30476936 | PMID_31509055 | PMID_31822006 | PMID_29801666 | PMID_33532864,7
WFS1,HGNC:12762,WFS1,PMID_35325889 | PMID_30476936 | PMID_33532864,3
WNK1,HGNC:14540,WNK1,PMID_35325889 | PMID_34264297 | PMID_36035137 | PMID_33664247 | PMID_30476936 | PMID_31027891 | PMID_26862157 | PMID_33532864,8
WNK4,HGNC:14544,WNK4,PMID_35325889 | PMID_34264297 | PMID_36035137 | PMID_33664247 | PMID_30476936 | PMID_31509055 | PMID_31822006 | PMID_31027891 | PMID_26862157 | PMID_33532864,10
WNT3,HGNC:12782,WNT3,PMID_30476936,1
WNT4,HGNC:12783,WNT4,PMID_35325889 | PMID_33664247 | PMID_30476936 | PMID_31509055 | PMID_31822006 | PMID_31027891 | PMID_33532864 | PMID_35005812,8
WNT5A,HGNC:12784,WNT5A,PMID_35325889 | PMID_30476936,2
WNT7A,HGNC:12786,WNT7A,PMID_30476936,1
WNT9B,HGNC:12779,WNT9B,PMID_34264297 | PMID_35005812,2
WT1,HGNC:12796,WT1,PMID_35325889 | PMID_34264297 | PMID_36035137 | PMID_33664247 | PMID_30476936 | PMID_31509055 | PMID_31822006 | PMID_29801666 | PMID_31027891 | PMID_26862157 | PMID_33532864,11
XDH,HGNC:12805,XDH,PMID_35325889 | PMID_34264297 | PMID_36035137 | PMID_33664247 | PMID_30476936 | PMID_31027891 | PMID_26862157 | PMID_33532864,8
XPNPEP3,HGNC:28052,XPNPEP3,PMID_35325889 | PMID_33664247 | PMID_30476936 | PMID_31509055 | PMID_31822006 | PMID_29801666 | PMID_31027891 | PMID_33532864 | PMID_35005812,9
XPO5,HGNC:17675,XPO5,PMID_34264297 | PMID_33664247 | PMID_29801666 | PMID_33532864,4
XRCC4,HGNC:12831,XRCC4,PMID_35325889 | PMID_30476936,2
XYLT2,HGNC:15517,XYLT2,PMID_30476936,1
YAP1,HGNC:16262,YAP1,PMID_30476936,1
ZAP70,HGNC:12858,ZAP70,PMID_30476936,1
ZIC3,HGNC:12874,ZIC3,PMID_30476936,1
ZMPSTE24,HGNC:12877,ZMPSTE24,PMID_30476936 | PMID_33532864,2
ZMYND10,HGNC:19412,ZMYND10,PMID_31509055 | PMID_31822006,2
ZNF423,HGNC:16762,ZNF423,PMID_34264297 | PMID_30476936 | PMID_31509055 | PMID_31822006 | PMID_29801666 | PMID_33532864 | PMID_35005812,7
ZNF687,HGNC:29277,ZNF687,PMID_30476936,1
