STRING_id,cluster_index,hierarchy_1,hierarchy_2,hierarchy_3,hierarchy_4,symbol,hgnc_id
9606.ENSP00000258173,1-1-1,1,1,1,NA,TMEM231,37234
9606.ENSP00000261556,1-1-2,1,1,2,NA,TMEM260,20185
9606.ENSP00000262210,1-1-3,1,1,3,NA,CSPP1,26193
9606.ENSP00000278826,1-1-4,1,1,4,NA,TMEM138,26944
9606.ENSP00000303058,1-1-5,1,1,5,NA,CEP120,26690
9606.ENSP00000314116,1-1-6,1,1,6,NA,TMEM107,28128
9606.ENSP00000330460,1-1-7,1,1,7,NA,DDX59,25360
9606.ENSP00000334003,1-1-8,1,1,8,NA,INTU,29239
9606.ENSP00000334379,1-1-9,1,1,9,NA,C2CD3,24564
9606.ENSP00000346359,1-1-10,1,1,10,NA,KIAA0586,19960
9606.ENSP00000351157,1-1-11,1,1,11,NA,TXNDC15,20652
9606.ENSP00000355250,1-1-12,1,1,12,NA,KIAA0753,29110
9606.ENSP00000386264,1-1-13,1,1,13,NA,TMEM237,14432
9606.ENSP00000389014,1-1-14,1,1,14,NA,CPLANE1,25801
9606.ENSP00000436596,1-1-15,1,1,15,NA,TMEM218,27344
9606.ENSP00000464162,1-1-16,1,1,16,NA,GREB1L,31042
9606.ENSP00000474032,1-1-17,1,1,17,NA,DYNC2LI1,24595
9606.ENSP00000483364,1-1-18,1,1,18,NA,TCTN3,24519
9606.ENSP00000223208,1-2-1,1,2,1,NA,CEP41,12370
9606.ENSP00000237596,1-2-2,1,2,2,NA,PKD2,9009
9606.ENSP00000238628,1-2-3,1,2,3,NA,IFT43,29669
9606.ENSP00000242067,1-2-4,1,2,4,NA,BBS9,30000
9606.ENSP00000243344,1-2-5,1,2,5,NA,TTC21B,25660
9606.ENSP00000243578,1-2-6,1,2,6,NA,B9D2,28636
9606.ENSP00000245157,1-2-7,1,2,7,NA,BBS2,967
9606.ENSP00000260570,1-2-8,1,2,8,NA,IFT172,30391
9606.ENSP00000260746,1-2-9,1,2,9,NA,ARL3,694
9606.ENSP00000261499,1-2-10,1,2,10,NA,B9D1,24123
9606.ENSP00000262304,1-2-11,1,2,11,NA,PKD1,9008
9606.ENSP00000262366,1-2-12,1,2,12,NA,GLIS2,29450
9606.ENSP00000262457,1-2-13,1,2,13,NA,INVS,17870
9606.ENSP00000268057,1-2-14,1,2,14,NA,BBS4,969
9606.ENSP00000268766,1-2-15,1,2,15,NA,NEK8,13387
9606.ENSP00000278935,1-2-16,1,2,16,NA,CEP164,29182
9606.ENSP00000287600,1-2-17,1,2,17,NA,PDE6D,8788
9606.ENSP00000296135,1-2-18,1,2,18,NA,LZTFL1,6741
9606.ENSP00000296266,1-2-19,1,2,19,NA,IFT122,13556
9606.ENSP00000297261,1-2-20,1,2,20,NA,SHH,10848
9606.ENSP00000297837,1-2-21,1,2,21,NA,ANKS6,26724
9606.ENSP00000304941,1-2-22,1,2,22,NA,TCTN2,25774
9606.ENSP00000311505,1-2-23,1,2,23,NA,IQCB1,28949
9606.ENSP00000313169,1-2-24,1,2,24,NA,NPHP1,7905
9606.ENSP00000314444,1-2-25,1,2,25,NA,WDR35,29250
9606.ENSP00000317469,1-2-26,1,2,26,NA,BBS1,966
9606.ENSP00000332148,1-2-27,1,2,27,NA,DZIP1L,26551
9606.ENSP00000338766,1-2-28,1,2,28,NA,NPHP3,7907
9606.ENSP00000344314,1-2-29,1,2,29,NA,OFD1,2567
9606.ENSP00000349458,1-2-30,1,2,30,NA,CILK1,21219
9606.ENSP00000349658,1-2-31,1,2,31,NA,XPNPEP3,28052
9606.ENSP00000355499,1-2-32,1,2,32,NA,SDCCAG8,10671
9606.ENSP00000360158,1-2-33,1,2,33,NA,PKHD1,9016
9606.ENSP00000360777,1-2-34,1,2,34,NA,INPP5E,21474
9606.ENSP00000361800,1-2-35,1,2,35,NA,DYNC2I2,28296
9606.ENSP00000362424,1-2-36,1,2,36,NA,TRAF3IP1,17861
9606.ENSP00000367398,1-2-37,1,2,37,NA,NPHP4,19104
9606.ENSP00000367715,1-2-38,1,2,38,NA,DCDC2,18141
9606.ENSP00000376827,1-2-39,1,2,39,NA,MKS1,7121
9606.ENSP00000379258,1-2-40,1,2,40,NA,GLI3,4319
9606.ENSP00000380321,1-2-41,1,2,41,NA,TULP3,12425
9606.ENSP00000380911,1-2-42,1,2,42,NA,CEP83,17966
9606.ENSP00000382717,1-2-43,1,2,43,NA,WDR19,18340
9606.ENSP00000389998,1-2-44,1,2,44,NA,TMEM67,28396
9606.ENSP00000393099,1-2-45,1,2,45,NA,MAPKBP1,29536
9606.ENSP00000393541,1-2-46,1,2,46,NA,IFT27,18626
9606.ENSP00000403465,1-2-47,1,2,47,NA,CC2D2A,29253
9606.ENSP00000406012,1-2-48,1,2,48,NA,IFT140,29077
9606.ENSP00000408292,1-2-49,1,2,49,NA,TRIM32,16380
9606.ENSP00000413017,1-2-50,1,2,50,NA,CCDC28B,28163
9606.ENSP00000414884,1-2-51,1,2,51,NA,HYLS1,26558
9606.ENSP00000424757,1-2-52,1,2,52,NA,NEK1,7744
9606.ENSP00000433157,1-2-53,1,2,53,NA,BBIP1,28093
9606.ENSP00000438273,1-2-54,1,2,54,NA,BBS12,26648
9606.ENSP00000448012,1-2-55,1,2,55,NA,CEP290,29021
9606.ENSP00000455426,1-2-56,1,2,56,NA,ZNF423,16762
9606.ENSP00000482306,1-2-57,1,2,57,NA,TTC8,20087
9606.ENSP00000482968,1-2-58,1,2,58,NA,ALMS1,428
9606.ENSP00000206542,2-1-1-1,2,1,1,1,OSGEP,18028
9606.ENSP00000229179,2-1-1-2,2,1,1,2,NUP107,29914
9606.ENSP00000245544,2-1-1-3,2,1,1,3,NUP85,8734
9606.ENSP00000261167,2-1-1-4,2,1,1,4,CFAP90,27028
9606.ENSP00000261167,2-1-1-4,2,1,1,4,WBP11,16461
9606.ENSP00000261396,2-1-1-5,2,1,1,5,NUP133,18016
9606.ENSP00000285968,2-1-1-6,2,1,1,6,NUP205,18658
9606.ENSP00000306320,2-1-1-7,2,1,1,7,GON7,20356
9606.ENSP00000310668,2-1-1-8,2,1,1,8,NUP93,28958
9606.ENSP00000310873,2-1-1-9,2,1,1,9,COQ2,25223
9606.ENSP00000315118,2-1-1-10,2,1,1,10,COQ8B,19041
9606.ENSP00000333946,2-1-1-11,2,1,1,11,COQ6,20233
9606.ENSP00000349823,2-1-1-12,2,1,1,12,SMARCAL1,11102
9606.ENSP00000349923,2-1-1-13,2,1,1,13,LAGE3,26058
9606.ENSP00000358033,2-1-1-14,2,1,1,14,PDSS2,23041
9606.ENSP00000361186,2-1-1-15,2,1,1,15,TP53RK,16197
9606.ENSP00000362135,2-1-1-16,2,1,1,16,YRDC,28905
9606.ENSP00000367721,2-1-1-17,2,1,1,17,NUP160,18017
9606.ENSP00000381266,2-1-1-18,2,1,1,18,WDR4,12756
9606.ENSP00000387982,2-1-1-19,2,1,1,19,WDR73,25928
9606.ENSP00000280481,2-1-2-1,2,1,2,1,FREM2,25396
9606.ENSP00000356130,2-1-2-2,2,1,2,2,DSTYK,29043
9606.ENSP00000362993,2-1-2-3,2,1,2,3,BICC1,19351
9606.ENSP00000370047,2-1-2-4,2,1,2,4,BNC2,30988
9606.ENSP00000377862,2-1-2-5,2,1,2,5,FAT4,23109
9606.ENSP00000412940,2-1-2-6,2,1,2,6,FREM1,23399
9606.ENSP00000456609,2-1-2-7,2,1,2,7,STRA6,30650
9606.ENSP00000199280,2-1-3-1,2,1,3,1,AQP2,634
9606.ENSP00000276297,2-1-3-2,2,1,3,2,DLC1,2897
9606.ENSP00000340466,2-1-3-3,2,1,3,3,GANAB,4138
9606.ENSP00000355396,2-1-3-4,2,1,3,4,LRIG2,20889
9606.ENSP00000356319,2-1-3-5,2,1,3,5,KIF14,19181
9606.ENSP00000357048,2-1-3-6,2,1,3,6,COPA,2230
9606.ENSP00000358866,2-1-3-7,2,1,3,7,FLNA,3754
9606.ENSP00000359319,2-1-3-8,2,1,3,8,PAX2,8616
9606.ENSP00000363779,2-1-3-9,2,1,3,9,ELP1,5959
9606.ENSP00000379438,2-1-3-10,2,1,3,10,UMOD,12559
9606.ENSP00000381876,2-1-3-11,2,1,3,11,DAAM2,18143
9606.ENSP00000386834,2-1-3-12,2,1,3,12,AFF3,6473
9606.ENSP00000392028,2-1-3-13,2,1,3,13,CHD7,20626
9606.ENSP00000402949,2-1-3-14,2,1,3,14,CCNQ,28434
9606.ENSP00000216181,2-1-4-1,2,1,4,1,MYH9,7579
9606.ENSP00000218516,2-1-4-2,2,1,4,2,GLA,4296
9606.ENSP00000252699,2-1-4-3,2,1,4,3,ACTN4,166
9606.ENSP00000252999,2-1-4-4,2,1,4,4,LAMA5,6485
9606.ENSP00000257861,2-1-4-5,2,1,4,5,AVIL,14188
9606.ENSP00000262844,2-1-4-6,2,1,4,6,AMMECR1,467
9606.ENSP00000265748,2-1-4-7,2,1,4,7,ANLN,14082
9606.ENSP00000265970,2-1-4-8,2,1,4,8,PIK3C2A,8971
9606.ENSP00000281171,2-1-4-9,2,1,4,9,PTPRO,9678
9606.ENSP00000284061,2-1-4-10,2,1,4,10,DGKE,2852
9606.ENSP00000288235,2-1-4-11,2,1,4,11,MYO1E,7599
9606.ENSP00000317674,2-1-4-12,2,1,4,12,APOL1,618
9606.ENSP00000331902,2-1-4-13,2,1,4,13,COL4A5,2207
9606.ENSP00000340913,2-1-4-14,2,1,4,14,TRPC6,12338
9606.ENSP00000346151,2-1-4-15,2,1,4,15,MAGI2,18957
9606.ENSP00000347684,2-1-4-16,2,1,4,16,LMX1B,6654
9606.ENSP00000349781,2-1-4-17,2,1,4,17,TBC1D8B,24715
9606.ENSP00000352138,2-1-4-18,2,1,4,18,KIRREL1,15734
9606.ENSP00000352264,2-1-4-19,2,1,4,19,CD2AP,14258
9606.ENSP00000352540,2-1-4-20,2,1,4,20,EMP2,3334
9606.ENSP00000355133,2-1-4-21,2,1,4,21,NOS1AP,16859
9606.ENSP00000356587,2-1-4-22,2,1,4,22,NPHS2,13394
9606.ENSP00000360154,2-1-4-23,2,1,4,23,OCRL,8108
9606.ENSP00000360431,2-1-4-24,2,1,4,24,PLCE1,17175
9606.ENSP00000361845,2-1-4-25,2,1,4,25,ZMPSTE24,12877
9606.ENSP00000362298,2-1-4-26,2,1,4,26,SGPL1,10817
9606.ENSP00000362734,2-1-4-27,2,1,4,27,CRB2,18688
9606.ENSP00000365891,2-1-4-28,2,1,4,28,WAS,12731
9606.ENSP00000367064,2-1-4-29,2,1,4,29,CUBN,2548
9606.ENSP00000368190,2-1-4-30,2,1,4,30,NPHS1,7908
9606.ENSP00000376410,2-1-4-31,2,1,4,31,INF2,23791
9606.ENSP00000379823,2-1-4-32,2,1,4,32,COL4A3,2204
9606.ENSP00000379866,2-1-4-33,2,1,4,33,COL4A4,2206
9606.ENSP00000468002,2-1-4-34,2,1,4,34,KANK2,29300
9606.ENSP00000216911,2-2-1,2,2,1,NA,AURKA,11393
9606.ENSP00000229769,2-2-2,2,2,2,NA,FANCE,3586
9606.ENSP00000246868,2-2-3,2,2,3,NA,SBDS,19440
9606.ENSP00000261584,2-2-4,2,2,4,NA,PALB2,26144
9606.ENSP00000262518,2-2-5,2,2,5,NA,SRCAP,16974
9606.ENSP00000269601,2-2-6,2,2,6,NA,TXNL4A,30551
9606.ENSP00000282516,2-2-7,2,2,7,NA,NIPBL,28862
9606.ENSP00000285071,2-2-8,2,2,8,NA,FLCN,27310
9606.ENSP00000287239,2-2-9,2,2,9,NA,KAT6B,17582
9606.ENSP00000287647,2-2-10,2,2,10,NA,FANCD2,3585
9606.ENSP00000289081,2-2-11,2,2,11,NA,FANCC,3584
9606.ENSP00000294008,2-2-12,2,2,12,NA,SLX4,23845
9606.ENSP00000306999,2-2-13,2,2,13,NA,ESCO2,27230
9606.ENSP00000310842,2-2-14,2,2,14,NA,FANCI,25568
9606.ENSP00000315569,2-2-15,2,2,15,NA,DIS3L2,28648
9606.ENSP00000326649,2-2-16,2,2,16,NA,HPS1,5163
9606.ENSP00000330875,2-2-17,2,2,17,NA,FANCF,3587
9606.ENSP00000336701,2-2-18,2,2,18,NA,RAD51C,9820
9606.ENSP00000348984,2-2-19,2,2,19,NA,SON,11183
9606.ENSP00000354497,2-2-20,2,2,20,NA,FAN1,29170
9606.ENSP00000355922,2-2-21,2,2,21,NA,CENPF,1857
9606.ENSP00000356405,2-2-22,2,2,22,NA,CDC73,16783
9606.ENSP00000360540,2-2-23,2,2,23,NA,CEP55,1161
9606.ENSP00000373952,2-2-24,2,2,24,NA,FANCA,3582
9606.ENSP00000385021,2-2-25,2,2,25,NA,FANCL,20748
9606.ENSP00000395929,2-2-26,2,2,26,NA,NSD1,14234
9606.ENSP00000421491,2-2-27,2,2,27,NA,XRCC4,12831
9606.ENSP00000470972,2-2-28,2,2,28,NA,RPS19,10402
9606.ENSP00000479904,2-2-29,2,2,29,NA,ZMYM2,12989
9606.ENSP00000219476,2-3-1,2,3,1,NA,TSC2,12363
9606.ENSP00000231887,2-3-2,2,3,2,NA,EHHADH,3247
9606.ENSP00000239891,2-3-3,2,3,3,NA,ALG5,20266
9606.ENSP00000243253,2-3-4,2,3,4,NA,SEC61A1,18276
9606.ENSP00000246062,2-3-5,2,3,5,NA,MKKS,7108
9606.ENSP00000249442,2-3-6,2,3,6,NA,MTX2,7506
9606.ENSP00000251810,2-3-7,2,3,7,NA,RRM2B,17296
9606.ENSP00000261326,2-3-8,2,3,8,NA,MOCOS,18234
9606.ENSP00000268261,2-3-9,2,3,9,NA,PMM2,9115
9606.ENSP00000287878,2-3-10,2,3,10,NA,PRKAG2,9386
9606.ENSP00000297185,2-3-11,2,3,11,NA,HSPA9,5244
9606.ENSP00000298552,2-3-12,2,3,12,NA,TSC1,12362
9606.ENSP00000299626,2-3-13,2,3,13,NA,ALG8,23161
9606.ENSP00000303511,2-3-14,2,3,14,NA,PEX6,8859
9606.ENSP00000322316,2-3-15,2,3,15,NA,COQ7,2244
9606.ENSP00000326424,2-3-16,2,3,16,NA,NADSYN1,29832
9606.ENSP00000327650,2-3-17,2,3,17,NA,VPS33B,12712
9606.ENSP00000336655,2-3-18,2,3,18,NA,STRADA,30172
9606.ENSP00000346173,2-3-19,2,3,19,NA,ETFB,3482
9606.ENSP00000347717,2-3-20,2,3,20,NA,DHCR7,2860
9606.ENSP00000348849,2-3-21,2,3,21,NA,RPS26,10414
9606.ENSP00000354032,2-3-22,2,3,22,NA,BSCL2,15832
9606.ENSP00000355518,2-3-23,2,3,23,NA,FH,3700
9606.ENSP00000358423,2-3-24,2,3,24,NA,RRAGD,19903
9606.ENSP00000359297,2-3-25,2,3,25,NA,NSDHL,13398
9606.ENSP00000360541,2-3-26,2,3,26,NA,CPT2,2330
9606.ENSP00000360761,2-3-27,2,3,27,NA,AGPAT2,325
9606.ENSP00000361512,2-3-28,2,3,28,NA,PRPS1,9462
9606.ENSP00000362413,2-3-29,2,3,29,NA,PGK1,8896
9606.ENSP00000364649,2-3-30,2,3,30,NA,SDHB,10681
9606.ENSP00000367203,2-3-31,2,3,31,NA,KDM6A,12637
9606.ENSP00000367615,2-3-32,2,3,32,NA,APRT,626
9606.ENSP00000379430,2-3-33,2,3,33,NA,NDUFAF6,28625
9606.ENSP00000379895,2-3-34,2,3,34,NA,GATM,4175
9606.ENSP00000380157,2-3-35,2,3,35,NA,MOCS2,7193
9606.ENSP00000383840,2-3-36,2,3,36,NA,MMACHC,24525
9606.ENSP00000385080,2-3-37,2,3,37,NA,FAH,3579
9606.ENSP00000397908,2-3-38,2,3,38,NA,LPIN1,13345
9606.ENSP00000413908,2-3-39,2,3,39,NA,BCS1L,1020
9606.ENSP00000414398,2-3-40,2,3,40,NA,DNAJB11,14889
9606.ENSP00000426638,2-3-41,2,3,41,NA,ETFDH,3483
9606.ENSP00000445175,2-3-42,2,3,42,NA,LDHA,6535
9606.ENSP00000452181,2-3-43,2,3,43,NA,VIPAS39,20347
9606.ENSP00000452762,2-3-44,2,3,44,NA,ETFA,3481
9606.ENSP00000463784,2-3-45,2,3,45,NA,RPL26,10327
9606.ENSP00000466134,2-3-46,2,3,46,NA,PRKCSH,9411
9606.ENSP00000472847,2-3-47,2,3,47,NA,SARS2,17697
9606.ENSP00000476140,2-3-48,2,3,48,NA,MIR3934,38965
9606.ENSP00000476140,2-3-48,2,3,48,NA,UQCC2,21237
9606.ENSP00000482396,2-3-49,2,3,49,NA,ALG9,15672
9606.ENSP00000236850,3-1-1,3,1,1,NA,APOA1,600
9606.ENSP00000245907,3-1-2,3,1,2,NA,C3,1318
9606.ENSP00000256785,3-1-3,3,1,3,NA,CFHR5,24668
9606.ENSP00000261267,3-1-4,3,1,4,NA,LYZ,6740
9606.ENSP00000296280,3-1-5,3,1,5,NA,MASP1,6901
9606.ENSP00000308938,3-1-6,3,1,6,NA,PLG,9071
9606.ENSP00000313875,3-1-7,3,1,7,NA,CD46,6953
9606.ENSP00000314299,3-1-8,3,1,8,NA,CFHR1,4888
9606.ENSP00000356395,3-1-9,3,1,9,NA,CFHR3,16980
9606.ENSP00000356399,3-1-10,3,1,10,NA,CFH,4883
9606.ENSP00000360997,3-1-11,3,1,11,NA,ADAMTS13,1366
9606.ENSP00000362924,3-1-12,3,1,12,NA,GSN,4620
9606.ENSP00000363773,3-1-13,3,1,13,NA,C1QA,1241
9606.ENSP00000366307,3-1-14,3,1,14,NA,THBD,11784
9606.ENSP00000396688,3-1-15,3,1,15,NA,C4A,1323
9606.ENSP00000416561,3-1-16,3,1,16,NA,CFB,1037
9606.ENSP00000255380,3-2-1-1,3,2,1,1,CHRM3,1952
9606.ENSP00000315602,3-2-1-2,3,2,1,2,CHRNA3,1957
9606.ENSP00000359581,3-2-1-3,3,2,1,3,HS2ST1,5193
9606.ENSP00000359583,3-2-1-4,3,2,1,4,HPSE2,18374
9606.ENSP00000386857,3-2-1-5,3,2,1,5,ACTG2,145
9606.ENSP00000078429,3-2-2-1,3,2,2,1,GNA11,4379
9606.ENSP00000215832,3-2-2-2,3,2,2,2,MAPK1,6871
9606.ENSP00000227507,3-2-2-3,3,2,2,3,CCND1,1582
9606.ENSP00000228872,3-2-2-4,3,2,2,4,CDKN1B,1785
9606.ENSP00000256078,3-2-2-5,3,2,2,5,KRAS,6407
9606.ENSP00000256474,3-2-2-6,3,2,2,6,VHL,12687
9606.ENSP00000256646,3-2-2-7,3,2,2,7,NOTCH2,7882
9606.ENSP00000258439,3-2-2-8,3,2,2,8,TMEM127,26038
9606.ENSP00000262367,3-2-2-9,3,2,2,9,CREBBP,2348
9606.ENSP00000264731,3-2-2-10,3,2,2,10,TP63,15979
9606.ENSP00000269305,3-2-2-11,3,2,2,11,TP53,11998
9606.ENSP00000274813,3-2-2-12,3,2,2,12,MMUT,7526
9606.ENSP00000293288,3-2-2-13,3,2,2,13,BAX,959
9606.ENSP00000298556,3-2-2-14,3,2,2,14,HPRT1,5157
9606.ENSP00000301067,3-2-2-15,3,2,2,15,KMT2D,7133
9606.ENSP00000307235,3-2-2-16,3,2,2,16,EIF2AK3,3255
9606.ENSP00000312987,3-2-2-17,3,2,2,17,HNF4A,5024
9606.ENSP00000314129,3-2-2-18,3,2,2,18,TFE3,11752
9606.ENSP00000317272,3-2-2-19,3,2,2,19,MET,7029
9606.ENSP00000324856,3-2-2-20,3,2,2,20,STK11,11389
9606.ENSP00000339824,3-2-2-21,3,2,2,21,FGFR3,3690
9606.ENSP00000347942,3-2-2-22,3,2,2,22,RET,9967
9606.ENSP00000351015,3-2-2-23,3,2,2,23,NF1,7765
9606.ENSP00000362680,3-2-2-24,3,2,2,24,SRC,11283
9606.ENSP00000363435,3-2-2-25,3,2,2,25,ITPR3,6182
9606.ENSP00000366563,3-2-2-26,3,2,2,26,PIK3CD,8977
9606.ENSP00000368632,3-2-2-27,3,2,2,27,GATA3,4172
9606.ENSP00000368805,3-2-2-28,3,2,2,28,GCM2,4198
9606.ENSP00000369497,3-2-2-29,3,2,2,29,BRCA2,1101
9606.ENSP00000381098,3-2-2-30,3,2,2,30,GRIP1,18708
9606.ENSP00000393312,3-2-2-31,3,2,2,31,FGFR1,3688
9606.ENSP00000410294,3-2-2-32,3,2,2,32,FGFR2,3689
9606.ENSP00000413720,3-2-2-33,3,2,2,33,CDKN1C,1786
9606.ENSP00000417132,3-2-2-34,3,2,2,34,BAP1,950
9606.ENSP00000437256,3-2-2-35,3,2,2,35,DICER1,17098
9606.ENSP00000451828,3-2-2-36,3,2,2,36,AKT1,391
9606.ENSP00000478927,3-2-2-37,3,2,2,37,YAP1,16262
9606.ENSP00000180166,3-2-3-1,3,2,3,1,FGF20,3677
9606.ENSP00000217086,3-2-3-2,3,2,3,2,SALL4,15924
9606.ENSP00000217270,3-2-3-3,3,2,3,3,PROKR2,15836
9606.ENSP00000226760,3-2-3-4,3,2,3,4,WFS1,12762
9606.ENSP00000245451,3-2-3-5,3,2,3,5,BMP4,1071
9606.ENSP00000245479,3-2-3-6,3,2,3,6,SOX9,11204
9606.ENSP00000251020,3-2-3-7,3,2,3,7,SALL1,10524
9606.ENSP00000252971,3-2-3-8,3,2,3,8,MNX1,4979
9606.ENSP00000254958,3-2-3-9,3,2,3,9,JAG1,6188
9606.ENSP00000262426,3-2-3-10,3,2,3,10,FOXF1,3809
9606.ENSP00000262648,3-2-3-11,3,2,3,11,ANOS1,6211
9606.ENSP00000264634,3-2-3-12,3,2,3,12,WNT5A,12784
9606.ENSP00000287020,3-2-3-13,3,2,3,13,GDF6,4221
9606.ENSP00000287139,3-2-3-14,3,2,3,14,NODAL,7865
9606.ENSP00000287538,3-2-3-15,3,2,3,15,ZIC3,12874
9606.ENSP00000288139,3-2-3-16,3,2,3,16,CACNA1D,1391
9606.ENSP00000290167,3-2-3-17,3,2,3,17,WNT4,12783
9606.ENSP00000294304,3-2-3-18,3,2,3,18,LRP5,6697
9606.ENSP00000297316,3-2-3-19,3,2,3,19,SOX17,18122
9606.ENSP00000315011,3-2-3-20,3,2,3,20,EDNRA,3179
9606.ENSP00000316842,3-2-3-21,3,2,3,21,SIX5,10891
9606.ENSP00000322568,3-2-3-22,3,2,3,22,SOX11,11191
9606.ENSP00000337439,3-2-3-23,3,2,3,23,DACT1,17748
9606.ENSP00000339191,3-2-3-24,3,2,3,24,CAV1,1527
9606.ENSP00000341815,3-2-3-25,3,2,3,25,SOX18,11194
9606.ENSP00000346829,3-2-3-26,3,2,3,26,WLS,30238
9606.ENSP00000347591,3-2-3-27,3,2,3,27,GFRA1,4243
9606.ENSP00000358677,3-2-3-28,3,2,3,28,TBX18,11595
9606.ENSP00000360231,3-2-3-29,3,2,3,29,NFIA,7784
9606.ENSP00000362410,3-2-3-30,3,2,3,30,MAFB,6408
9606.ENSP00000364860,3-2-3-31,3,2,3,31,ROR2,10257
9606.ENSP00000364979,3-2-3-32,3,2,3,32,COL4A1,2202
9606.ENSP00000367316,3-2-3-33,3,2,3,33,ITGA8,6144
9606.ENSP00000367888,3-2-3-34,3,2,3,34,LRP4,6696
9606.ENSP00000371398,3-2-3-35,3,2,3,35,GLIS3,28510
9606.ENSP00000377836,3-2-3-36,3,2,3,36,GPC3,4451
9606.ENSP00000379616,3-2-3-37,3,2,3,37,MYH11,7569
9606.ENSP00000401678,3-2-3-38,3,2,3,38,MYOCD,16067
9606.ENSP00000405890,3-2-3-39,3,2,3,39,PBX1,8632
9606.ENSP00000417335,3-2-3-40,3,2,3,40,ROBO2,10250
9606.ENSP00000420321,3-2-3-41,3,2,3,41,ROBO1,10249
9606.ENSP00000480291,3-2-3-42,3,2,3,42,HNF1B,11630
9606.ENSP00000216117,3-3-1,3,3,1,NA,HMOX1,5013
9606.ENSP00000219596,3-3-2,3,3,2,NA,MEFV,6998
9606.ENSP00000229135,3-3-3,3,3,3,NA,IFNG,5438
9606.ENSP00000252486,3-3-4,3,3,4,NA,APOE,613
9606.ENSP00000252590,3-3-5,3,3,5,NA,PLVAP,13635
9606.ENSP00000260010,3-3-6,3,3,6,NA,TLR2,11848
9606.ENSP00000264896,3-3-7,3,3,7,NA,SCARB2,1665
9606.ENSP00000291582,3-3-8,3,3,8,NA,AIRE,360
9606.ENSP00000337383,3-3-9,3,3,9,NA,NLRP3,16400
9606.ENSP00000346839,3-3-10,3,3,10,NA,FN1,3778
9606.ENSP00000365380,3-3-11,3,3,11,NA,FOXP3,6106
9606.ENSP00000385675,3-3-12,3,3,12,NA,IL6,6018
9606.ENSP00000407685,3-3-13,3,3,13,NA,TNXB,11976
9606.ENSP00000484824,3-3-14,3,3,14,NA,MUC1,7508
9606.ENSP00000253801,4-1-1,4,1,1,NA,G6PC1,4056
9606.ENSP00000264005,4-1-2,4,1,2,NA,LCAT,6522
9606.ENSP00000264170,4-1-3,4,1,3,NA,KYNU,6469
9606.ENSP00000283871,4-1-4,4,1,4,NA,HGD,4892
9606.ENSP00000294973,4-1-5,4,1,5,NA,HAAO,4796
9606.ENSP00000368727,4-1-6,4,1,6,NA,XDH,12805
9606.ENSP00000378053,4-1-7,4,1,7,NA,DNASE1L3,2959
9606.ENSP00000380666,4-1-8,4,1,8,NA,SLC7A7,11065
9606.ENSP00000476176,4-1-9,4,1,9,NA,SLC37A4,4061
9606.ENSP00000480476,4-1-10,4,1,10,NA,OPLAH,8149
9606.ENSP00000023064,4-2-1,4,2,1,NA,SLC7A9,11067
9606.ENSP00000205557,4-2-2,4,2,2,NA,ABCC6,57
9606.ENSP00000216862,4-2-3,4,2,3,NA,CYP24A1,2602
9606.ENSP00000234396,4-2-4,4,2,4,NA,ATP6V1B1,853
9606.ENSP00000262418,4-2-5,4,2,5,NA,SLC4A1,11027
9606.ENSP00000262613,4-2-6,4,2,6,NA,NHERF1,11075
9606.ENSP00000264734,4-2-7,4,2,7,NA,CLDN16,2037
9606.ENSP00000272190,4-2-8,4,2,8,NA,REN,9958
9606.ENSP00000285379,4-2-9,4,2,9,NA,CA2,1373
9606.ENSP00000290866,4-2-10,4,2,10,NA,ACE,2707
9606.ENSP00000292079,4-2-11,4,2,11,NA,FXYD2,4026
9606.ENSP00000296387,4-2-12,4,2,12,NA,CLDN19,2040
9606.ENSP00000298440,4-2-13,4,2,13,NA,OXGR1,4531
9606.ENSP00000299339,4-2-14,4,2,14,NA,CLDN10,2033
9606.ENSP00000308122,4-2-15,4,2,15,NA,ATP6V0A4,866
9606.ENSP00000313432,4-2-16,4,2,16,NA,GRHPR,4570
9606.ENSP00000321424,4-2-17,4,2,17,NA,SLC34A1,11019
9606.ENSP00000332771,4-2-18,4,2,18,NA,CLCNKA,2026
9606.ENSP00000345751,4-2-19,4,2,19,NA,SCNN1B,10600
9606.ENSP00000354721,4-2-20,4,2,20,NA,SLC26A1,10993
9606.ENSP00000356105,4-2-21,4,2,21,NA,SLC41A1,19429
9606.ENSP00000356825,4-2-22,4,2,22,NA,ADCY10,21285
9606.ENSP00000358894,4-2-23,4,2,23,NA,CNNM2,103
9606.ENSP00000359680,4-2-24,4,2,24,NA,HOGA1,25155
9606.ENSP00000364831,4-2-25,4,2,25,NA,CLCNKB,2027
9606.ENSP00000365256,4-2-26,4,2,26,NA,CLCN5,2023
9606.ENSP00000366797,4-2-27,4,2,27,NA,SLC22A12,17989
9606.ENSP00000376432,4-2-28,4,2,28,NA,KCNJ1,6255
9606.ENSP00000384367,4-2-29,4,2,29,NA,KCTD1,18249
9606.ENSP00000393557,4-2-30,4,2,30,NA,SLC4A4,11030
9606.ENSP00000402152,4-2-31,4,2,31,NA,SLC12A3,10912
9606.ENSP00000417052,4-2-32,4,2,32,NA,EBP,3133
9606.ENSP00000420194,4-2-33,4,2,33,NA,CASR,1514
9606.ENSP00000433295,4-2-34,4,2,34,NA,KCNJ5,6266
9606.ENSP00000442397,4-2-35,4,2,35,NA,SLC34A3,20305
9606.ENSP00000445306,4-2-36,4,2,36,NA,ATP1A1,799
9606.ENSP00000242839,4-3-1,4,3,1,NA,ATP7B,870
9606.ENSP00000260649,4-3-2,4,3,2,NA,SLC3A1,11025
9606.ENSP00000262352,4-3-3,4,3,3,NA,SLC1A1,10939
9606.ENSP00000264382,4-3-4,4,3,4,NA,SI,10856
9606.ENSP00000264784,4-3-5,4,3,5,NA,SLC2A9,13446
9606.ENSP00000299155,4-3-6,4,3,6,NA,AMN,14604
9606.ENSP00000302620,4-3-7,4,3,7,NA,AGXT,341
9606.ENSP00000323568,4-3-8,4,3,8,NA,SLC2A2,11006
9606.ENSP00000327943,4-3-9,4,3,9,NA,SLC5A2,11037
9606.ENSP00000334223,4-3-10,4,3,10,NA,SLC36A2,18762
9606.ENSP00000348019,4-3-11,4,3,11,NA,SLC17A5,10933
9606.ENSP00000355627,4-3-12,4,3,12,NA,AGT,333
9606.ENSP00000371294,4-3-13,4,3,13,NA,CTNS,2518
9606.ENSP00000237837,4-4-1,4,4,1,NA,FGF23,3680
9606.ENSP00000322323,4-4-2,4,4,2,NA,FAM20C,22140
9606.ENSP00000363973,4-4-3,4,4,3,NA,ALPL,438
9606.ENSP00000368682,4-4-4,4,4,4,NA,PHEX,8918
9606.ENSP00000369442,4-4-5,4,4,5,NA,KL,6344
9606.ENSP00000376465,4-4-6,4,4,6,NA,GALNT3,4125
9606.ENSP00000468308,4-4-7,4,4,7,NA,FAM20A,23015
