approved_symbol,hgnc_id,gene_name_reported,source,source_count,source_evidence
ABCC6,57,ABCC6,OMIM:264800; OMIM:614473,2,HP:0100817; HP:0000121
ACE,2707,ACE,OMIM:267430,1,HP:0008660 | HP:0100519
ACP5,124,ACP5,OMIM:607944,1,HP:0005576
ACTG2,145,ACTG2,OMIM:155310; OMIM:619431,2,HP:0000076 | HP:0000126; HP:0000072 | HP:0000126
ACTN4,166,ACTN4,OMIM:603278,1,HP:0003774 | HP:0000097
ADA,186,ADA,OMIM:102700; OMIM:102700; OMIM:102700; OMIM:102700,4,HP:0001967; HP:0001967; HP:0001967; HP:0001967
ADA2,1839,ADA2,OMIM:615688,1,HP:0033261
ADAMTS13,1366,ADAMTS13,OMIM:274150,1,HP:0005575 | HP:0012211 | HP:0002907
ADCY10,21285,ADCY10,OMIM:143870,1,HP:0008672
ADNP,15766,ADNP,OMIM:615873,1,HP:0000105
AFF3,6473,AFF3,OMIM:619297,1,HP:0000089 | HP:0000085
AFF4,17869,AFF4,OMIM:616368,1,HP:0000085 | HP:0000076
AGPAT2,325,AGPAT2,OMIM:608594,1,HP:0000787
AGT,333,AGT,OMIM:267430,1,HP:0008660 | HP:0100519
AGTR1,336,AGTR1,OMIM:267430,1,HP:0008660 | HP:0100519
AGXT,341,AGXT,OMIM:259900,1,HP:0000121 | HP:0000083 | HP:0008672 | HP:0000790
AHI1,21575,AHI1,OMIM:608629,1,HP:0003774 | HP:0000090
AIRE,360,AIRE,OMIM:240300; OMIM:240300,2,HP:0000121; HP:0000121
AKT1,391,AKT1,OMIM:114500,1,HP:0005584
ALDH18A1,9722,ALDH18A1,OMIM:616603,1,HP:0000122
ALDOB,417,ALDOB,OMIM:229600,1,HP:0000114 | HP:0002049
ALG5,20266,ALG5,OMIM:620056,1,HP:0003774 | HP:0012585 | HP:0032948 | HP:0000083 | HP:0005562
ALG8,23161,ALG8,OMIM:617874,1,HP:0000107
ALG9,15672,ALG9,OMIM:263210; OMIM:608776,2,HP:0000113; HP:0000113
ALKBH8,25189,ALKBH8,OMIM:618504,1,HP:0000122
ALMS1,428,ALMS1,OMIM:203800,1,HP:0000123 | HP:0001970 | HP:0000083
ALPL,438,ALPL,OMIM:241500,1,HP:0000121
AMER1,26837,AMER1,OMIM:300373,1,HP:0000003
AMMECR1,467,AMMECR1,OMIM:300990,1,HP:0000121 | HP:0000110
AMN,14604,AMN,OMIM:618882,1,HP:0000083
ANKRD17,23575,ANKRD17,OMIM:619504,1,HP:0000122
ANKS6,26724,ANKS6,OMIM:615382,1,HP:0003774 | HP:0000083 | HP:0000090 | HP:0000113 | HP:0000105
ANLN,14082,ANLN,OMIM:616032,1,HP:0003774 | HP:0000100 | HP:0000097
ANOS1,6211,ANOS1,OMIM:308700,1,HP:0000122
ANTXR1,21014,ANTXR1,OMIM:230740,1,HP:0005576
AP2S1,565,AP2S1,OMIM:600740,1,HP:0000083 | HP:0000787 | HP:0008659
APC,583,APC,OMIM:114500,1,HP:0005584
APOA1,600,APOA1,OMIM:105200,1,HP:0000112 | HP:0000100 | HP:0000790
APOE,613,APOE,OMIM:611771,1,HP:0100820 | HP:0012574 | HP:0000083
APOL1,618,APOL1,OMIM:612551,1,HP:0003774 | HP:0000097
APRT,626,APRT,OMIM:614723,1,HP:0000083 | HP:0000790 | HP:0034368 | HP:0100520 | HP:0000787
AQP2,634,AQP2,OMIM:125800; OMIM:125800,2,HP:0000103; HP:0000103
ARHGDIA,678,ARHGDIA,OMIM:615244,1,HP:0003774 | HP:0000100 | HP:0012577 | HP:0012622 | HP:0001967
ARID1B,18040,ARID1B,OMIM:135900,1,HP:0000089 | HP:0000086 | HP:0000126 | HP:0000072
ARL3,694,ARL3,OMIM:618161,1,HP:0030760 | HP:0000003 | HP:0000126
ARL6,13210,ARL6,OMIM:209900; OMIM:209900; OMIM:600151,3,HP:0000077; HP:0000077; HP:0000089
ARNT2,16876,ARNT2,OMIM:615926,1,HP:0000076 | HP:0000126
ARPC4,707,ARPC4,OMIM:620141,1,HP:0000126
ARSK,25239,ARSK,OMIM:619698,1,HP:0000787
ARX,18060,ARX,OMIM:300004,1,HP:0000110
ASXL1,18318,ASXL1,OMIM:605039,1,HP:0000076
ASXL2,23805,ASXL2,OMIM:617190,1,HP:0000122
ATN1,3033,ATN1,OMIM:618494,1,HP:0000089 | HP:0000122 | HP:0000126
ATP1A1,799,ATP1A1,OMIM:618314,1,HP:0000121 | HP:0000103
ATP6V0A4,866,ATP6V0A4,OMIM:602722,1,HP:0000121 | HP:0008341
ATP6V1B1,853,ATP6V1B1,OMIM:267300,1,HP:0001947 | HP:0000787
ATP7A,869,ATP7A,OMIM:304150,1,HP:0006000 | HP:0000126
ATP7B,870,ATP7B,OMIM:277900,1,HP:0000124 | HP:0000787
ATPAF2,18802,ATPAF2,OMIM:604273,1,HP:0000089
ATRX,886,ATRX,OMIM:301040; OMIM:309580,2,HP:0000126 | HP:0000104; HP:0000089 | HP:0000076
AURKA,11393,AURKA,OMIM:114500; OMIM:114500,2,HP:0005584; HP:0005584
AVIL,14188,AVIL,OMIM:618594,1,HP:0003774 | HP:0031266 | HP:0001967 | HP:0012588
AVPR2,897,AVPR2,OMIM:304800,1,HP:0000103
AXIN1,903,AXIN1,OMIM:607864,1,HP:0000073
AXIN2,904,AXIN2,OMIM:114500,1,HP:0005584
B2M,914,B2M,OMIM:105200,1,HP:0000112 | HP:0000100 | HP:0000790
B3GALT6,17978,B3GALT6,OMIM:609465,1,HP:0000126
B3GLCT,20207,B3GLCT,OMIM:261540,1,HP:0000089 | HP:0000126 | HP:0000073
B4GAT1,15685,B4GAT1,OMIM:615287,1,HP:0000003 | HP:0000126
B9D1,24123,B9D1,OMIM:614209; OMIM:617120,2,HP:0000003; HP:0010946
B9D2,28636,B9D2,OMIM:614175; OMIM:614175,2,HP:0000107; HP:0000107
BAP1,950,BAP1,OMIM:614327; OMIM:619762,2,HP:0005584; HP:0000126
BAX,959,BAX,OMIM:114500,1,HP:0005584
BBIP1,28093,BBIP1,OMIM:615995,1,HP:0003774 | HP:0000083
BBS1,966,BBS1,OMIM:209900; OMIM:209900,2,HP:0000077; HP:0000077
BBS10,26291,BBS10,OMIM:615987,1,HP:0000083 | HP:0000107
BBS12,26648,BBS12,OMIM:615989,1,HP:0000072 | HP:0000800 | HP:0000126
BBS2,967,BBS2,OMIM:616562,1,HP:0012210
BBS4,969,BBS4,OMIM:615982,1,HP:0000077 | HP:0000107
BBS9,30000,BBS9,OMIM:615986,1,HP:0000083
BCS1L,1020,BCS1L,OMIM:124000,1,HP:0001970
BICC1,19351,BICC1,OMIM:601331,1,HP:0000110 | HP:0000076 | HP:0000083 | HP:0004719 | HP:0000800
BICRA,4332,BICRA,OMIM:619325,1,HP:0000085
BMP4,1071,BMP4,OMIM:607932,1,HP:0000089
BMPER,24154,BMPER,OMIM:608022,1,HP:0000085 | HP:0000800 | HP:0008643 | HP:0100880 | HP:0000105
BNC2,30988,BNC2,OMIM:618612,1,HP:0000076
BRAF,1097,BRAF,OMIM:114500; OMIM:115150,2,HP:0005584; HP:0000126
BRCA2,1101,BRCA2,OMIM:194070; OMIM:194070,2,HP:0002667; HP:0002667
BSCL2,15832,BSCL2,OMIM:269700,1,HP:0000787
BSND,16512,BSND,OMIM:602522; OMIM:602522,2,HP:0005576 | HP:0000083 | HP:0004737 | HP:0005565 | HP:0012213 | HP:0004727 | HP:0000103; HP:0005576 | HP:0000083 | HP:0004737 | HP:0005565 | HP:0012213 | HP:0004727 | HP:0000103
BUB1,1148,BUB1,OMIM:114500,1,HP:0005584
BUB1B,1149,BUB1B,OMIM:114500; OMIM:257300,2,HP:0005584; HP:0002667 | HP:0000003 | HP:0000107
C1QA,1241,C1QA,OMIM:613652,1,HP:0000793
C1QBP,1243,C1QBP,OMIM:617713,1,HP:0000100
C1S,1247,C1S,OMIM:617174,1,HP:0002667
C2CD3,24564,C2CD3,OMIM:615948,1,HP:0012583
C3,1318,C3,OMIM:612925; OMIM:613779,2,HP:0003774 | HP:0005575 | HP:0000790 | HP:0001919 | HP:0100519; HP:0000100 | HP:0000793 | HP:0000083
C4A,1323,C4A,OMIM:614380,1,HP:0000099
CA2,1373,CA2,OMIM:259730,1,HP:0008341
CACNA1D,1391,CACNA1D,OMIM:615474,1,HP:0000787
CAD,1424,CAD,OMIM:616457,1,HP:0001947
CAMK2A,1460,CAMK2A,OMIM:617798,1,HP:0000126
CAPN15,11182,CAPN15,OMIM:619318,1,HP:0000085
CASP10,1500,CASP10,OMIM:603909,1,HP:0000123 | HP:0000100
CASR,1514,CASR,OMIM:145980; OMIM:239200; OMIM:239200; OMIM:601198; OMIM:601198,5,HP:0000787; HP:0000103; HP:0000103; HP:0000121 | HP:0012213 | HP:0000787; HP:0000121 | HP:0012213 | HP:0000787
CAV1,1527,CAV1,OMIM:606721,1,HP:0000103
CC2D2A,29253,CC2D2A,OMIM:612284; OMIM:612285; OMIM:619111,3,HP:0000085 | HP:0000107; HP:0003774; HP:0004719
CCBE1,29426,CCBE1,OMIM:235510,1,HP:0000086 | HP:0000085 | HP:0000126 | HP:0000076
CCDC28B,28163,CCDC28B,OMIM:209900; OMIM:209900,2,HP:0000077; HP:0000077
CCND1,1582,CCND1,OMIM:114500; OMIM:114500; OMIM:193300,3,HP:0005584; HP:0005584; HP:0005584 | HP:0005562
CCNQ,28434,CCNQ,OMIM:300707,1,HP:0004736 | HP:0000076 | HP:0000072 | HP:0000125 | HP:0000126
CD151,1630,CD151,OMIM:609057,1,HP:0003774 | HP:0000123 | HP:0033485 | HP:0004722
CD2AP,14258,CD2AP,OMIM:607832,1,HP:0000083 | HP:0000097 | HP:0000790
CD46,6953,CD46,OMIM:612922; OMIM:612922,2,HP:0005575 | HP:0000790 | HP:0001919 | HP:0100519; HP:0005575 | HP:0000790 | HP:0001919 | HP:0100519
CD81,1701,CD81,OMIM:613496,1,HP:0000099 | HP:0003774 | HP:0012587 | HP:0033295 | HP:0000105 | HP:0000126
CD96,16892,CD96,OMIM:211750,1,HP:0000803
CDC42,1736,CDC42,OMIM:616737,1,HP:0000122 | HP:0000126
CDC42BPB,1738,CDC42BPB,OMIM:619841,1,HP:0010945 | HP:0004736
CDC45,1739,CDC45,OMIM:617063,1,HP:0000076
CDC73,16783,CDC73,OMIM:145001; OMIM:145001,2,HP:0006735 | HP:0002667 | HP:0000113 | HP:0000787 | HP:0006766; HP:0006735 | HP:0002667 | HP:0000113 | HP:0000787 | HP:0006766
CDKN1B,1785,CDKN1B,OMIM:610755,1,HP:0006772
CDKN1C,1786,CDKN1C,OMIM:130650,1,HP:0000121 | HP:0000076 | HP:0000803 | HP:0002667 | HP:0000105 | HP:0000787
CENPF,1857,CENPF,OMIM:243605,1,HP:0012584 | HP:0000126
CEP120,26690,CEP120,OMIM:616300,1,HP:0000089 | HP:0000107
CEP164,29182,CEP164,OMIM:614845,1,HP:0000090
CEP290,29021,CEP290,OMIM:610188; OMIM:610189; OMIM:611134; OMIM:615991,4,HP:0003774 | HP:0005565 | HP:0000090 | HP:0000803 | HP:0004727; HP:0003774; HP:0000107; HP:0000083
CEP41,12370,CEP41,OMIM:614464,1,HP:0000090
CEP55,1161,CEP55,OMIM:236500,1,HP:0000089 | HP:0000110 | HP:0012300 | HP:0000107
CEP83,17966,CEP83,OMIM:615862,1,HP:0003774 | HP:0001970 | HP:0000090 | HP:0000092 | HP:0004722
CFAP418,27232,CFAP418,OMIM:617406,1,HP:0000085
CFB,1037,CFB,OMIM:612924,1,HP:0001919 | HP:0005575 | HP:0000790 | HP:0100519
CFH,4883,CFH,OMIM:235400; OMIM:235400; OMIM:609814; OMIM:609814,4,HP:0005575 | HP:0001919 | HP:0100519; HP:0005575 | HP:0001919 | HP:0100519; HP:0000790 | HP:0004746 | HP:0012622 | HP:0004722; HP:0000790 | HP:0004746 | HP:0012622 | HP:0004722
CFHR1,4888,CFHR1,OMIM:235400; OMIM:235400,2,HP:0005575 | HP:0001919 | HP:0100519; HP:0005575 | HP:0001919 | HP:0100519
CFHR3,16980,CFHR3,OMIM:235400; OMIM:235400,2,HP:0005575 | HP:0001919 | HP:0100519; HP:0005575 | HP:0001919 | HP:0100519
CFHR5,24668,CFHR5,OMIM:614809,1,HP:0000099 | HP:0003774 | HP:0033493 | HP:0012574 | HP:0025005 | HP:0000083 | HP:0002907 | HP:0012576 | HP:0004746
CFI,5394,CFI,OMIM:610984; OMIM:612923,2,HP:0000099 | HP:0000083 | HP:0012330; HP:0005575 | HP:0000790 | HP:0001919 | HP:0100519
CHD4,1919,CHD4,OMIM:617159,1,HP:0000083 | HP:0000076
CHD7,20626,CHD7,OMIM:214800,1,HP:0000089 | HP:0000085 | HP:0000126 | HP:0000104
CHEK2,16627,CHEK2,OMIM:114500; OMIM:114500,2,HP:0005584; HP:0005584
CHKA,1937,CHKA,OMIM:620023,1,HP:0000787
CHRM3,1952,CHRM3,OMIM:100100,1,HP:0000072 | HP:0000126
CHRNA3,1957,CHRNA3,OMIM:191800,1,HP:0000076 | HP:0012624 | HP:0000126
CHST14,24464,CHST14,OMIM:601776,1,HP:0000126 | HP:0000100
CHUK,1974,CHUK,OMIM:613630,1,HP:0000085
CILK1,21219,CILK1,OMIM:612651,1,HP:0004719 | HP:0000105
CIT,1985,CIT,OMIM:617090,1,HP:0000104
CLCN3,2021,CLCN3,OMIM:619512,1,HP:0010945
CLCN5,2023,CLCN5,OMIM:300009; OMIM:300554; OMIM:308990; OMIM:310468,4,HP:0000121 | HP:0003774 | HP:0000083 | HP:0012622 | HP:0000114 | HP:0002907 | HP:0000787; HP:0000121 | HP:0000083 | HP:0012622 | HP:0000114 | HP:0000787; HP:0000121 | HP:0000083 | HP:0000097 | HP:0000092 | HP:0002907 | HP:0000114; HP:0000121 | HP:0005576 | HP:0000083 | HP:0002907 | HP:0000096 | HP:0000092 | HP:0000114 | HP:0000787 | HP:0012622
CLCN7,2025,CLCN7,OMIM:618541,1,HP:0005565
CLCNKA,2026,CLCNKA,OMIM:613090,1,HP:0000083 | HP:0012213 | HP:0000103
CLCNKB,2027,CLCNKB,OMIM:607364; OMIM:613090,2,HP:0000121 | HP:0005579 | HP:0000103; HP:0000083 | HP:0012213 | HP:0000103
CLDN10,2033,CLDN10,OMIM:617671,1,HP:0000083 | HP:0000103 | HP:0000787
CLDN16,2037,CLDN16,OMIM:248250,1,HP:0000121 | HP:0012622 | HP:0000790 | HP:0008341 | HP:0000103 | HP:0000787
CLDN19,2040,CLDN19,OMIM:248190,1,HP:0000121 | HP:0003774 | HP:0012622 | HP:0000787
CLDN2,2041,CLDN2,OMIM:301060,1,HP:0000787
CNNM2,103,CNNM2,OMIM:613882,1,HP:0033759
COG1,6545,COG1,OMIM:611209,1,HP:0005575 | HP:0000083 | HP:0000126
COG6,18621,COG6,OMIM:614576,1,HP:0000122 | HP:0004719 | HP:0000114
COG7,18622,COG7,OMIM:608779,1,HP:0000126
COL18A1,2195,COL18A1,OMIM:267750,1,HP:0000081 | HP:0000126 | HP:0030037 | HP:0000075
COL4A1,2202,COL4A1,OMIM:611773,1,HP:0000083 | HP:0000790 | HP:0000107
COL4A3,2204,COL4A3,OMIM:104200; OMIM:203780,2,HP:0000099 | HP:0000121 | HP:0003774 | HP:0000123 | HP:0000100 | HP:0000083 | HP:0030034 | HP:0000790 | HP:0002907 | HP:0004722; HP:0003774 | HP:0000123 | HP:0000100 | HP:0000083 | HP:0030034 | HP:0000790 | HP:0004722
COL4A4,2206,COL4A4,OMIM:141200; OMIM:203780,2,HP:0000790 | HP:0012577; HP:0003774 | HP:0000123 | HP:0000100 | HP:0000083 | HP:0030034 | HP:0000790 | HP:0004722
COL4A5,2207,COL4A5,OMIM:301050,1,HP:0003774 | HP:0000123 | HP:0000100 | HP:0000083 | HP:0030034 | HP:0002907 | HP:0004722
COLEC10,2220,COLEC10,OMIM:248340,1,HP:0000085
COLEC11,17213,COLEC11,OMIM:265050,1,HP:0000085
COPA,2230,COPA,OMIM:616414,1,HP:0012574 | HP:0008653
COQ2,25223,COQ2,OMIM:607426,1,HP:0000100 | HP:0000097 | HP:0000096
COQ6,20233,COQ6,OMIM:614650,1,HP:0003774 | HP:0000097 | HP:0012588 | HP:0001967 | HP:0000787
COQ7,2244,COQ7,OMIM:616733,1,HP:0000110 | HP:0005932
COQ8B,19041,COQ8B,OMIM:615573,1,HP:0003774 | HP:0000097 | HP:0000096 | HP:0012588
COX14,28216,COX14,OMIM:619053,1,HP:0000089
CPLANE1,25801,CPLANE1,OMIM:277170; OMIM:614615,2,HP:0000110 | HP:0000104; HP:0012210
CPT1A,2328,CPT1A,OMIM:255120,1,HP:0001947
CPT2,2330,CPT2,OMIM:255110; OMIM:255110; OMIM:608836,3,HP:0000083; HP:0000083; HP:0000083 | HP:0000113 | HP:0000126 | HP:0000110 | HP:0000073 | HP:0000105
CRB2,18688,CRB2,OMIM:219730; OMIM:616220,2,HP:0000083 | HP:0000108; HP:0000097 | HP:0012588
CREBBP,2348,CREBBP,OMIM:180849,1,HP:0000126
CRTAP,2379,CRTAP,OMIM:610682,1,HP:0000126
CSPP1,26193,CSPP1,OMIM:615636,1,HP:0004719 | HP:0000107
CTLA4,2505,CTLA4,OMIM:152700,1,HP:0033726 | HP:0000123
CTNNB1,2514,CTNNB1,OMIM:114500,1,HP:0005584
CTNS,2518,CTNS,OMIM:219800; OMIM:219800; OMIM:219900,3,HP:0000083 | HP:0002907 | HP:0003774 | HP:0012408 | HP:0000790 | HP:0000103 | HP:0001994 | HP:0000787; HP:0000083 | HP:0002907 | HP:0003774 | HP:0012408 | HP:0000790 | HP:0000103 | HP:0001994 | HP:0000787; HP:0003774
CTU2,28005,CTU2,OMIM:618142,1,HP:0000122 | HP:0004736
CUBN,2548,CUBN,OMIM:261100; OMIM:618884,2,HP:0002907; HP:0000083
CWC27,10664,CWC27,OMIM:250410,1,HP:0000085 | HP:0000107
CYB561,2571,CYB561,OMIM:618182,1,HP:0012213
CYBC1,28672,CYBC1,OMIM:618935,1,HP:0000100
CYP24A1,2602,CYP24A1,OMIM:143880,1,HP:0000121 | HP:0012408 | HP:0000103 | HP:0000787
DAAM2,18143,DAAM2,OMIM:619263,1,HP:0033132 | HP:0000097 | HP:0031266 | HP:0012588
DACT1,17748,DACT1,OMIM:617466,1,HP:0000076 | HP:0004736
DCC,2701,DCC,OMIM:114500,1,HP:0005584
DCDC2,18141,DCDC2,OMIM:616217; OMIM:617394,2,HP:0003774 | HP:0032948 | HP:0004719 | HP:0000090; HP:0000076
DCHS1,13681,DCHS1,OMIM:601390,1,HP:0000089
DDB1,2717,DDB1,OMIM:619426,1,HP:0000085 | HP:0000126 | HP:0000072
DDX59,25360,DDX59,OMIM:174300,1,HP:0000085
DDX6,2747,DDX6,OMIM:618653,1,HP:0000076 | HP:0000125 | HP:0000126
DGKE,2852,DGKE,OMIM:615008; OMIM:615008,2,HP:0003774 | HP:0001919 | HP:0000099 | HP:0000100 | HP:0005575 | HP:0004722; HP:0003774 | HP:0001919 | HP:0000099 | HP:0000100 | HP:0005575 | HP:0004722
DHCR7,2860,DHCR7,OMIM:270400,1,HP:0000089 | HP:0000122 | HP:0000081 | HP:0000126 | HP:0000074 | HP:0000107 | HP:0000104
DHDDS,20603,DHDDS,OMIM:613861; OMIM:613861,2,HP:0000083; HP:0000083
DHODH,2867,DHODH,OMIM:263750,1,HP:0000077
DHX16,2739,DHX16,OMIM:618733,1,HP:0005565 | HP:0005562
DICER1,17098,DICER1,OMIM:180295; OMIM:618272,2,HP:0002667; HP:0002667 | HP:0000105
DIS3L2,28648,DIS3L2,OMIM:267000,1,HP:0008696 | HP:0100880 | HP:0008643 | HP:0002667
DKC1,2890,DKC1,OMIM:305000,1,HP:0000085
DLC1,2897,DLC1,OMIM:114500,1,HP:0005584
DLL4,2910,DLL4,OMIM:616589,1,HP:0000089
DNA2,2939,DNA2,OMIM:615807,1,HP:0000086
DNAJB11,14889,DNAJB11,OMIM:618061,1,HP:0003774 | HP:0000083 | HP:0012213 | HP:0000113
DNASE1,2956,DNASE1,OMIM:152700,1,HP:0033726 | HP:0000123
DNASE1L3,2959,DNASE1L3,OMIM:614420,1,HP:0033726
DNASE2,2960,DNASE2,OMIM:619858,1,HP:0000793
DNMT3A,2978,DNMT3A,OMIM:615879,1,HP:0000076
DPH1,3003,DPH1,OMIM:616901,1,HP:0001970 | HP:0000790
DSTYK,29043,DSTYK,OMIM:610805,1,HP:0003774 | HP:0000076 | HP:0000074
DVL3,3087,DVL3,OMIM:616894,1,HP:0000076
DYNC2H1,2962,DYNC2H1,OMIM:613091; OMIM:613091,2,HP:0000113 | HP:0000110 | HP:0000105; HP:0000113 | HP:0000110 | HP:0000105
DYNC2I2,28296,DYNC2I2,OMIM:615633,1,HP:0000121
DYNC2LI1,24595,DYNC2LI1,OMIM:617088,1,HP:0000085
DZIP1L,26551,DZIP1L,OMIM:617610,1,HP:0003774 | HP:0005565 | HP:0004719 | HP:0000113 | HP:0000105
EBF3,19087,EBF3,OMIM:617330,1,HP:0000076
EBP,3133,EBP,OMIM:300960; OMIM:302960,2,HP:0004736; HP:0000126
EDNRA,3179,EDNRA,OMIM:616367,1,HP:0000072
EHHADH,3247,EHHADH,OMIM:615605,1,HP:0000083
EHMT1,24650,EHMT1,OMIM:610253,1,HP:0012210
EIF2AK3,3255,EIF2AK3,OMIM:226980,1,HP:0000083
ELP1,5959,ELP1,OMIM:223900,1,HP:0012211 | HP:0000096
EMP2,3334,EMP2,OMIM:615861,1,HP:0000100 | HP:0031266 | HP:0012588 | HP:0012579
EN1,3342,EN1,OMIM:619218,1,HP:0000126
ENPP1,3356,ENPP1,OMIM:208000; OMIM:613312,2,HP:0001920; HP:0012408
EP300,3373,EP300,OMIM:114500,1,HP:0005584
ERBB3,3431,ERBB3,OMIM:607598,1,HP:0000126
ERCC4,3436,ERCC4,OMIM:610965,1,HP:0000083
ERCC6,3438,ERCC6,OMIM:133540,1,HP:0000083
ERCC8,3439,ERCC8,OMIM:216400,1,HP:0000083
ESCO2,27230,ESCO2,OMIM:216100; OMIM:268300,2,HP:0000085; HP:0000085 | HP:0000113
ETFA,3481,ETFA,OMIM:231680,1,HP:0000114 | HP:0000113 | HP:0000803
ETFB,3482,ETFB,OMIM:231680,1,HP:0000114 | HP:0000113 | HP:0000803
ETFDH,3483,ETFDH,OMIM:231680,1,HP:0000114 | HP:0000113 | HP:0000803
EYA1,3519,EYA1,OMIM:113650,1,HP:0004742 | HP:0000122 | HP:0000799 | HP:0000113 | HP:0004712 | HP:0000110 | HP:0000076
FAH,3579,FAH,OMIM:276700,1,HP:0000121 | HP:0000083 | HP:0000096 | HP:0001994 | HP:0000105
FAM20A,23015,FAM20A,OMIM:204690,1,HP:0000121 | HP:0000083 | HP:0004727 | HP:0000103
FAM20C,22140,FAM20C,OMIM:259775,1,HP:0000126 | HP:0000072
FAN1,29170,FAN1,OMIM:614817,1,HP:0003774 | HP:0001970 | HP:0032948 | HP:0000790 | HP:0000090 | HP:0041050
FANCA,3582,FANCA,OMIM:227650,1,HP:0000086 | HP:0000085 | HP:0000081 | HP:0012210 | HP:0000104
FANCB,3583,FANCB,OMIM:300514,1,HP:0000104
FANCC,3584,FANCC,OMIM:227645,1,HP:0000086 | HP:0000085 | HP:0000081 | HP:0000104
FANCD2,3585,FANCD2,OMIM:227646,1,HP:0000086 | HP:0000085 | HP:0000081 | HP:0000125 | HP:0000075 | HP:0000104
FANCE,3586,FANCE,OMIM:600901,1,HP:0000086 | HP:0000085 | HP:0000081 | HP:0000104
FANCF,3587,FANCF,OMIM:603467,1,HP:0000089 | HP:0000076 | HP:0000125
FANCI,25568,FANCI,OMIM:609053,1,HP:0000089 | HP:0000085 | HP:0012210 | HP:0000076
FANCL,20748,FANCL,OMIM:614083,1,HP:0000089 | HP:0000122
FAT4,23109,FAT4,OMIM:615546,1,HP:0000089
FBXL4,13601,FBXL4,OMIM:615471,1,HP:0001947
FBXW11,13607,FBXW11,OMIM:618914,1,HP:0000089
FCGR2A,3616,FCGR2A,OMIM:152700,1,HP:0033726 | HP:0000123
FCGR2B,3618,FCGR2B,OMIM:152700,1,HP:0033726 | HP:0000123
FGA,3661,FGA,OMIM:105200,1,HP:0000112 | HP:0000100 | HP:0000790
FGF13,3670,FGF13,OMIM:301058; OMIM:301058,2,HP:0010945; HP:0010945
FGF20,3677,FGF20,OMIM:615721,1,HP:0010958
FGF23,3680,FGF23,OMIM:617993,1,HP:0012408
FGFR1,3688,FGFR1,OMIM:613001,1,HP:0000125 | HP:0000126
FGFR2,3689,FGFR2,OMIM:101200; OMIM:149730; OMIM:207410,3,HP:0000126; HP:0009741 | HP:0000104; HP:0012210
FGFR3,3690,FGFR3,OMIM:114500,1,HP:0005584
FH,3700,FH,OMIM:150800,1,HP:0005584
FIBP,3705,FIBP,OMIM:617107,1,HP:0030037 | HP:0004712 | HP:0000110 | HP:0000107 | HP:0002667
FLCN,27310,FLCN,OMIM:114500; OMIM:135150; OMIM:144700,3,HP:0005584; HP:0005584 | HP:0000107 | HP:0009726; HP:0005584
FLNA,3754,FLNA,OMIM:300048; OMIM:300048; OMIM:304120; OMIM:305620; OMIM:309350,5,HP:0000126; HP:0000126; HP:0000126; HP:0000126 | HP:0000072; HP:0000071 | HP:0000126
FLNB,3755,FLNB,OMIM:272460,1,HP:0000107
FN1,3778,FN1,OMIM:601894,1,HP:0003774 | HP:0000100 | HP:0002907 | HP:0000083 | HP:0030949 | HP:0030162
FOCAD,23377,FOCAD,OMIM:619991,1,HP:0004719 | HP:0000126
FOXF1,3809,FOXF1,OMIM:265380,1,HP:0000126 | HP:0010946 | HP:0000072
FOXP3,6106,FOXP3,OMIM:304790,1,HP:0000099
FRAS1,19185,FRAS1,OMIM:219000,1,HP:0000089 | HP:0008678
FREM1,23399,FREM1,OMIM:608980,1,HP:0000122 | HP:0000104
FREM2,25396,FREM2,OMIM:617666,1,HP:0000089 | HP:0000104
FUT8,4019,FUT8,OMIM:618005,1,HP:0000121
FXYD2,4026,FXYD2,OMIM:154020,1,HP:0000083
G6PC1,4056,G6PC1,OMIM:232200,1,HP:0000097 | HP:0012213 | HP:0000105 | HP:0000787
G6PC3,24861,G6PC3,OMIM:612541; OMIM:612541,2,HP:0000126; HP:0000126
GALNT3,4125,GALNT3,OMIM:211900,1,HP:0000121 | HP:0005572 | HP:0005571
GANAB,4138,GANAB,OMIM:600666,1,HP:0000113
GATA3,4172,GATA3,OMIM:146255,1,HP:0000121 | HP:0000110 | HP:0008718 | HP:0000100 | HP:0000790 | HP:0012622 | HP:0008341 | HP:0002049 | HP:0004722
GATA6,4174,GATA6,OMIM:600001,1,HP:0000073
GATM,4175,GATM,OMIM:134600,1,HP:0000083 | HP:0034359 | HP:0000124
GBE1,4180,GBE1,OMIM:232500,1,HP:0005576
GCM2,4198,GCM2,OMIM:617343,1,HP:0000787
GDF6,4221,GDF6,OMIM:118100,1,HP:0000122 | HP:0000077
GEMIN4,15717,GEMIN4,OMIM:617913,1,HP:0000121 | HP:0000089 | HP:0001920 | HP:0000126
GFRA1,4243,GFRA1,OMIM:619887,1,HP:0010958
GLA,4296,GLA,OMIM:301500; OMIM:301500,2,HP:0000083; HP:0000083
GLI3,4319,GLI3,OMIM:146510,1,HP:0000089 | HP:0000086 | HP:0000126 | HP:0000110 | HP:0000072 | HP:0000107
GLIS2,29450,GLIS2,OMIM:611498,1,HP:0003774 | HP:0000090 | HP:0000092
GLIS3,28510,GLIS3,OMIM:610199,1,HP:0000113 | HP:0000107
GNA11,4379,GNA11,OMIM:145981,1,HP:0000787
GNB1,4396,GNB1,OMIM:616973,1,HP:0000126 | HP:0000074
GNB2,4398,GNB2,OMIM:619503,1,HP:0000122 | HP:0000125
GNPTAB,29670,GNPTAB,OMIM:252500,1,HP:0000105
GON7,20356,GON7,OMIM:619603,1,HP:0003774 | HP:0000097 | HP:0001967
GPC3,4451,GPC3,OMIM:194070; OMIM:312870,2,HP:0002667; HP:0002667 | HP:0000126 | HP:0000107 | HP:0000105 | HP:0005580
GREB1L,31042,GREB1L,OMIM:617805,1,HP:0000110 | HP:0000076 | HP:0000085 | HP:0000003 | HP:0000126 | HP:0000104
GRHPR,4570,GRHPR,OMIM:260000,1,HP:0000121 | HP:0000083 | HP:0000790 | HP:0008672
GRIP1,18708,GRIP1,OMIM:617667,1,HP:0010958 | HP:0012300
GSN,4620,GSN,OMIM:105120,1,HP:0000100 | HP:0000083
H4C3,4787,H4C3,OMIM:619758,1,HP:0000089 | HP:0005564
H4C5,4790,H4C5,OMIM:619950,1,HP:0012583
H4C9,4793,H4C9,OMIM:619951,1,HP:0000122 | HP:0000076
HAAO,4796,HAAO,OMIM:617660,1,HP:0000076 | HP:0000089
HBB,4827,HBB,OMIM:603903,1,HP:0000083 | HP:0000790
HDAC4,14063,HDAC4,OMIM:619797,1,HP:0000126
HGD,4892,HGD,OMIM:203500,1,HP:0012213 | HP:0000787
HMOX1,5013,HMOX1,OMIM:614034,1,HP:0000123 | HP:0000790
HNF1A,11621,HNF1A,OMIM:144700; OMIM:222100,2,HP:0005584; HP:0000103
HNF1B,11630,HNF1B,OMIM:137920; OMIM:144700,2,HP:0003774 | HP:0000089 | HP:0000122 | HP:0012210 | HP:0000077 | HP:0005563 | HP:0000074 | HP:0100611 | HP:0000107 | HP:0000787; HP:0005584
HNF4A,5024,HNF4A,OMIM:616026,1,HP:0000121
HNRNPH1,5041,HNRNPH1,OMIM:620083,1,HP:0000085
HNRNPK,5044,HNRNPK,OMIM:616580,1,HP:0012622 | HP:0000126 | HP:0010946 | HP:0000076
HOGA1,25155,HOGA1,OMIM:613616,1,HP:0008672
HOXA13,5102,HOXA13,OMIM:140000,1,HP:0000083 | HP:0012330 | HP:0000076 | HP:0000074
HPRT1,5157,HPRT1,OMIM:300322; OMIM:300323,2,HP:0000121 | HP:0000787; HP:0000083 | HP:0000787
HPS1,5163,HPS1,OMIM:203300,1,HP:0000083
HPSE2,18374,HPSE2,OMIM:236730,1,HP:0000072 | HP:0000126
HRAS,5173,HRAS,OMIM:163200; OMIM:218040; OMIM:218040,3,HP:0000085; HP:0000083; HP:0000083
HS2ST1,5193,HS2ST1,OMIM:619194,1,HP:0000122 | HP:0010958 | HP:0000072
HSD17B4,5213,HSD17B4,OMIM:261515,1,HP:0000107
HSPA9,5244,HSPA9,OMIM:616854,1,HP:0000089 | HP:0000076
HYLS1,26558,HYLS1,OMIM:236680,1,HP:0000126
IARS1,5330,IARS1,OMIM:617093,1,HP:0000081 | HP:0000126
IFIH1,18873,IFIH1,OMIM:615846,1,HP:0000100
IFNG,5438,IFNG,OMIM:613254,1,HP:0006772 | HP:0005564 | HP:0005584 | HP:0000107
IFT122,13556,IFT122,OMIM:218330,1,HP:0001970 | HP:0012622 | HP:0012623 | HP:0003774
IFT140,29077,IFT140,OMIM:266920,1,HP:0000090 | HP:0000110 | HP:0000073 | HP:0000107 | HP:0003774 | HP:0005565 | HP:0001919
IFT172,30391,IFT172,OMIM:615630,1,HP:0012622 | HP:0000090
IFT27,18626,IFT27,OMIM:615996,1,HP:0000089 | HP:0000083 | HP:0000126
IFT43,29669,IFT43,OMIM:614099; OMIM:617866,2,HP:0003774 | HP:0000090; HP:0004719 | HP:0000113
IFT56,21882,IFT56,OMIM:619534,1,HP:0000083 | HP:0004719 | HP:0000126 | HP:0010946 | HP:0003774 | HP:0012408
IL6,6018,IL6,OMIM:222100,1,HP:0000103
INF2,23791,INF2,OMIM:613237; OMIM:614455,2,HP:0003774 | HP:0002907 | HP:0000097; HP:0003774 | HP:0000097
INPP5E,21474,INPP5E,OMIM:213300,1,HP:0000112 | HP:0000107
INSL3,6086,INSL3,OMIM:219050,1,HP:0000104
INTS1,24555,INTS1,OMIM:618571,1,HP:0000110
INTU,29239,INTU,OMIM:617926,1,HP:0000089
INVS,17870,INVS,OMIM:602088,1,HP:0004743 | HP:0003774 | HP:0005564 | HP:0000090 | HP:0004719 | HP:0000105 | HP:0004734
IPO8,9853,IPO8,OMIM:619472,1,HP:0000126
IQCB1,28949,IQCB1,OMIM:609254,1,HP:0003774 | HP:0000090
ITGA3,6139,ITGA3,OMIM:614748,1,HP:0000100 | HP:0000083 | HP:0000097 | HP:0000092 | HP:0012213
ITGA8,6144,ITGA8,OMIM:191830,1,HP:0000110 | HP:0010958
ITPR3,6182,ITPR3,OMIM:222100,1,HP:0000103
JAG1,6188,JAG1,OMIM:118450,1,HP:0000089 | HP:0000081 | HP:0008659 | HP:0001920 | HP:0000097 | HP:0003774 | HP:0001947 | HP:0000110 | HP:0000076
JAK1,6190,JAK1,OMIM:618999,1,HP:0000100 | HP:0012578
JAM3,15532,JAM3,OMIM:613730,1,HP:0000086 | HP:0000800
KANK2,29300,KANK2,OMIM:617783,1,HP:0000100 | HP:0000790 | HP:0012579
KANSL1,24565,KANSL1,OMIM:610443,1,HP:0000126 | HP:0000076
KARS1,6215,KARS1,OMIM:619147,1,HP:0000083
KAT5,5275,KAT5,OMIM:619103,1,HP:0000085 | HP:0000076
KAT6A,13013,KAT6A,OMIM:616268,1,HP:0000126
KAT6B,17582,KAT6B,OMIM:606170,1,HP:0000003 | HP:0000126
KCNH1,6250,KCNH1,OMIM:135500,1,HP:0000787
KCNJ1,6255,KCNJ1,OMIM:241200,1,HP:0000121 | HP:0000111 | HP:0000103
KCNJ10,6256,KCNJ10,OMIM:612780,1,HP:0000103
KCNJ5,6266,KCNJ5,OMIM:613677,1,HP:0000103
KCNQ1OT1,6295,KCNQ1OT1,OMIM:130650,1,HP:0000121 | HP:0000076 | HP:0000803 | HP:0002667 | HP:0000105 | HP:0000787
KCTD1,18249,KCTD1,OMIM:181270,1,HP:0000089 | HP:0000122 | HP:0000083 | HP:0012330
KDM6A,12637,KDM6A,OMIM:300867,1,HP:0000085
KIAA0753,29110,KIAA0753,OMIM:617127,1,HP:0000126
KIF14,19181,KIF14,OMIM:616258; OMIM:617914,2,HP:0010958 | HP:0000089 | HP:0032464; HP:0000089 | HP:0004719 | HP:0010958 | HP:0012300
KIFBP,23419,KIFBP,OMIM:609460,1,HP:0000076
KIRREL1,15734,KIRREL1,OMIM:619201,1,HP:0012574 | HP:0000097 | HP:0031266 | HP:0012588 | HP:0012579
KL,6344,KL,OMIM:617994,1,HP:0000103 | HP:0000787
KLLN,37212,KLLN,OMIM:615107,1,HP:0009726
KMT2D,7133,KMT2D,OMIM:147920,1,HP:0000126 | HP:0004736 | HP:0000074
KNSTRN,30767,KNSTRN,OMIM:613328,1,HP:0000086
KRAS,6407,KRAS,OMIM:163200,1,HP:0000085
KYNU,6469,KYNU,OMIM:617661,1,HP:0000089 | HP:0000122 | HP:0012622
LAGE3,26058,LAGE3,OMIM:301006,1,HP:0003774 | HP:0000100 | HP:0000097 | HP:0012579
LAMA5,6485,LAMA5,OMIM:620049,1,HP:0003774 | HP:0000100 | HP:0000097 | HP:0012588
LAMB2,6487,LAMB2,OMIM:609049; OMIM:614199,2,HP:0003774 | HP:0000100 | HP:0004719 | HP:0001967; HP:0003774 | HP:0000100
LCAT,6522,LCAT,OMIM:245900,1,HP:0000083
LDHA,6535,LDHA,OMIM:612933,1,HP:0000083
LIG1,6598,LIG1,OMIM:619774,1,HP:0000003
LMNB1,6637,LMNB1,OMIM:619179,1,HP:0000126
LMNB2,6638,LMNB2,OMIM:608709,1,HP:0000793 | HP:0000100 | HP:0000790
LMOD1,6647,LMOD1,OMIM:619362,1,HP:0000072 | HP:0000126
LMX1B,6654,LMX1B,OMIM:161200; OMIM:256020,2,HP:0000100 | HP:0000083 | HP:0000099 | HP:0000790; HP:0003774 | HP:0000083 | HP:0000097 | HP:0012579
LPIN1,13345,LPIN1,OMIM:268200,1,HP:0001919
LRIG2,20889,LRIG2,OMIM:615112,1,HP:0000076 | HP:0000083 | HP:0000126
LRP2,6694,LRP2,OMIM:222448,1,HP:0005574
LRP4,6696,LRP4,OMIM:212780,1,HP:0000089 | HP:0000086 | HP:0000104
LRP5,6697,LRP5,OMIM:617875,1,HP:0000107
LTBP4,6717,LTBP4,OMIM:613177,1,HP:0000126
LYZ,6740,LYZ,OMIM:105200,1,HP:0000112 | HP:0000100 | HP:0000790
LZTFL1,6741,LZTFL1,OMIM:615994,1,HP:0003774 | HP:0000107 | HP:0000103
MAFB,6408,MAFB,OMIM:166300,1,HP:0003774 | HP:0000083 | HP:0012586
MAGED2,16353,MAGED2,OMIM:300971,1,HP:0012408 | HP:0000103
MAGI2,18957,MAGI2,OMIM:617609,1,HP:0003774 | HP:0012588 | HP:0012579
MAP3K7,6859,MAP3K7,OMIM:157800,1,HP:0000085 | HP:0000076
MAPK1,6871,MAPK1,OMIM:619087,1,HP:0000081
MAPKAPK5,6889,MAPKAPK5,OMIM:619869,1,HP:0000076
MAPKBP1,29536,MAPKBP1,OMIM:617271,1,HP:0003774 | HP:0000076 | HP:0000083 | HP:0000107 | HP:0000090
MAPRE2,6891,MAPRE2,OMIM:616734,1,HP:0000070
MASP1,6901,MASP1,OMIM:257920,1,HP:0000126
MAX,6913,MAX,OMIM:171300,1,HP:0001920
MBTPS2,15455,MBTPS2,OMIM:308205,1,HP:0000122 | HP:0000003 | HP:0000110 | HP:0000104
MCC,6935,MCC,OMIM:114500,1,HP:0005584
MCM5,6948,MCM5,OMIM:617564,1,HP:0012583 | HP:0011126
MDM2,6973,MDM2,OMIM:618681,1,HP:0000089 | HP:0000083
MED12,11957,MED12,OMIM:301068,1,HP:0000083 | HP:0000126 | HP:0012330 | HP:0000076 | HP:0000072
MED25,28845,MED25,OMIM:616449,1,HP:0000126
MEFV,6998,MEFV,OMIM:134610; OMIM:249100,2,HP:0000083 | HP:0001917; HP:0003774 | HP:0000100 | HP:0001917
MET,7029,MET,OMIM:605074,1,HP:0006766
MIA3,24008,MIA3,OMIM:619269,1,HP:0000126
MID1,7095,MID1,OMIM:300000,1,HP:0000076
MKKS,7108,MKKS,OMIM:236700; OMIM:605231,2,HP:0000072 | HP:0000113 | HP:0000126; HP:0000107
MKS1,7121,MKS1,OMIM:249000,1,HP:0000113 | HP:0000800 | HP:0000069 | HP:0000104
MLH3,7128,MLH3,OMIM:114500,1,HP:0005584
MMACHC,24525,MMACHC,OMIM:277400,1,HP:0005575 | HP:0000083 | HP:0000112 | HP:0000790
MMUT,7526,MMUT,OMIM:251000,1,HP:0003774 | HP:0001970
MNX1,4979,MNX1,OMIM:176450,1,HP:0000085 | HP:0000076
MOCOS,18234,MOCOS,OMIM:603592,1,HP:0000083 | HP:0000787
MOCS1,7190,MOCS1,OMIM:252150,1,HP:0000804
MOCS2,7193,MOCS2,OMIM:252160,1,HP:0000804
MPDU1,7207,MPDU1,OMIM:609180,1,HP:0000803
MPI,7216,MPI,OMIM:602579,1,HP:0000114 | HP:0000107
MRPL3,10379,MRPL3,OMIM:614582,1,HP:0001970
MRPS22,14508,MRPS22,OMIM:611719,1,HP:0000091
MRPS34,16618,MRPS34,OMIM:617664,1,HP:0000085
MSH3,7326,MSH3,OMIM:617100,1,HP:0000107
MTX2,7506,MTX2,OMIM:619127,1,HP:0000097
MUC1,7508,MUC1,OMIM:174000,1,HP:0004732 | HP:0003774 | HP:0002048 | HP:0000089 | HP:0005576 | HP:0001970 | HP:0000096 | HP:0005583 | HP:0000092 | HP:0012213 | HP:0000108
MVK,7530,MVK,OMIM:260920,1,HP:0006772
MYH11,7569,MYH11,OMIM:619351,1,HP:0012330 | HP:0033132 | HP:0100519
MYH9,7579,MYH9,OMIM:155100,1,HP:0000077
MYL9,15754,MYL9,OMIM:619365,1,HP:0010945 | HP:0000787
MYLK,7590,MYLK,OMIM:249210,1,HP:0000072
MYO1E,7599,MYO1E,OMIM:614131,1,HP:0003774 | HP:0000100 | HP:0000097 | HP:0000790 | HP:0000092
MYOCD,16067,MYOCD,OMIM:618719,1,HP:0003774 | HP:0100611 | HP:0004719
MYOD1,7611,MYOD1,OMIM:618975,1,HP:0000089 | HP:0000074 | HP:0000126
MYRF,1181,MYRF,OMIM:618280,1,HP:0000105
NAA10,18704,NAA10,OMIM:300855; OMIM:300855; OMIM:309800,3,HP:0000113 | HP:0000105 | HP:0004737; HP:0000113 | HP:0000105 | HP:0004737; HP:0000089 | HP:0008678 | HP:0000072
NADSYN1,29832,NADSYN1,OMIM:618845,1,HP:0010958 | HP:0000122 | HP:0005999
NARS2,26274,NARS2,OMIM:616239,1,HP:0000097
NBN,7652,NBN,OMIM:251260,1,HP:0000126
NCAPG2,21904,NCAPG2,OMIM:618460,1,HP:0000089 | HP:0000126 | HP:0000076 | HP:0000073 | HP:0000107
NDUFAF3,29918,NDUFAF3,OMIM:618240,1,HP:0000072 | HP:0000126
NDUFAF6,28625,NDUFAF6,OMIM:618913,1,HP:0003774 | HP:0005576
NEK1,7744,NEK1,OMIM:263520; OMIM:263520,2,HP:0000113; HP:0000113
NEK8,13387,NEK8,OMIM:613824; OMIM:615415,2,HP:0003774 | HP:0000090 | HP:0004734; HP:0000800 | HP:0000105
NEXMIF,29433,NEXMIF,OMIM:300912,1,HP:0025650
NF1,7765,NF1,OMIM:162200,1,HP:0001920
NFIA,7784,NFIA,OMIM:613735,1,HP:0000089 | HP:0000076 | HP:0000126
NFS1,15910,NFS1,OMIM:619386,1,HP:0000083
NHERF1,11075,NHERF1,OMIM:612287,1,HP:0000787
NIPBL,28862,NIPBL,OMIM:122470,1,HP:0000089 | HP:0000086 | HP:0012210 | HP:0000076 | HP:0005565 | HP:0000107
NLRP3,16400,NLRP3,OMIM:120100; OMIM:191900,2,HP:0001917; HP:0000083 | HP:0001917
NOD2,5331,NOD2,OMIM:617321,1,HP:0000787
NODAL,7865,NODAL,OMIM:270100,1,HP:0000089 | HP:0000073 | HP:0000071
NOS1AP,16859,NOS1AP,OMIM:619155,1,HP:0003774 | HP:0000100 | HP:0002907 | HP:0000096 | HP:0031266 | HP:0004722
NOTCH2,7882,NOTCH2,OMIM:102500; OMIM:610205,2,HP:0000113 | HP:0000107; HP:0000089 | HP:0000083 | HP:0000790 | HP:0001947 | HP:0000107
NPHP1,7905,NPHP1,OMIM:256100; OMIM:266900; OMIM:609583,3,HP:0003774 | HP:0005576 | HP:0005583 | HP:0000090 | HP:0000092 | HP:0000108 | HP:0000103; HP:0003774 | HP:0005576 | HP:0000083 | HP:0020132 | HP:0000090 | HP:0004727 | HP:0000103; HP:0003774 | HP:0000083 | HP:0000090 | HP:0100957
NPHP3,7907,NPHP3,OMIM:208540; OMIM:267010; OMIM:604387,3,HP:0003774 | HP:0000083 | HP:0000113 | HP:0000110 | HP:0000105 | HP:0005999; HP:0003774 | HP:0100611 | HP:0000003; HP:0003774 | HP:0005576 | HP:0000083 | HP:0000790 | HP:0000090 | HP:0000092 | HP:0000108 | HP:0000103
NPHP4,19104,NPHP4,OMIM:606966; OMIM:606996,2,HP:0003774 | HP:0005576 | HP:0000090 | HP:0000108 | HP:0000092 | HP:0000103; HP:0003774 | HP:0000090 | HP:0000103
NPHS1,7908,NPHS1,OMIM:256300,1,HP:0000083 | HP:0000096 | HP:0000092 | HP:0008677 | HP:0001967
NPHS2,13394,NPHS2,OMIM:600995,1,HP:0003774 | HP:0000100 | HP:0000097
NRAS,7989,NRAS,OMIM:114500; OMIM:163200,2,HP:0005584; HP:0000085
NRIP1,8001,NRIP1,OMIM:618270,1,HP:0000076 | HP:0000089 | HP:0000086 | HP:0000003 | HP:0000126
NSD1,14234,NSD1,OMIM:117550,1,HP:0000077
NSD2,12766,NSD2,OMIM:619695,1,HP:0004719 | HP:0012584
NSDHL,13398,NSDHL,OMIM:308050,1,HP:0000122 | HP:0000126
"NUP107",29914,"NUP107",OMIM:616730; OMIM:618348,2,HP:0003774 | HP:0000100 | HP:0001967 | HP:0000794 | HP:0000097 | HP:0000092 | HP:0012579; HP:0003774 | HP:0000100 | HP:0001967 | HP:0000794 | HP:0000097 | HP:0000092 | HP:0012579
"NUP133",18016,"NUP133",OMIM:618177; OMIM:618349,2,HP:0003774 | HP:0000097 | HP:0012588; HP:0003774 | HP:0000100 | HP:0000097 | HP:0000790 | HP:0000092
"NUP160",18017,"NUP160",OMIM:618178,1,HP:0000097 | HP:0012625 | HP:0012588
"NUP205",18658,"NUP205",OMIM:616893,1,HP:0003774 | HP:0000097 | HP:0012588
"NUP85",8734,"NUP85",OMIM:618176,1,HP:0003774 | HP:0002907 | HP:0000097 | HP:0012588
"NUP93",28958,"NUP93",OMIM:616892,1,HP:0003774 | HP:0000097 | HP:0000790 | HP:0001967 | HP:0012588
OCLN,8104,OCLN,OMIM:251290,1,HP:0000083
OCRL,8108,OCRL,OMIM:300555; OMIM:309000,2,HP:0000121 | HP:0012622 | HP:0000114; HP:0000083 | HP:0003774 | HP:0001994 | HP:0002049
OFD1,2567,OFD1,OMIM:311200,1,HP:0000113
OGG1,8125,OGG1,OMIM:144700,1,HP:0005584
OPLAH,8149,OPLAH,OMIM:260005; OMIM:260005,2,HP:0008672; HP:0008672
OSGEP,18028,OSGEP,OMIM:617729,1,HP:0001967 | HP:0000096 | HP:0003774 | HP:0000100
OTUD5,25402,OTUD5,OMIM:301056,1,HP:0000081 | HP:0000126 | HP:0000076
PALB2,26144,PALB2,OMIM:610832,1,HP:0002667
PAX1,8615,PAX1,OMIM:615560,1,HP:0000107
PAX2,8616,PAX2,OMIM:120330; OMIM:616002,2,HP:0003774 | HP:0000089 | HP:0000085 | HP:0012622 | HP:0004712 | HP:0000076 | HP:0005564 | HP:0000790 | HP:0000107 | HP:0000003 | HP:0000787; HP:0003774 | HP:0000100 | HP:0000089 | HP:0000097
PAX6,8620,PAX6,OMIM:120200,1,HP:0000076
PAX7,8621,PAX7,OMIM:618578,1,HP:0012585 | HP:0000126
PBRM1,30064,PBRM1,OMIM:144700,1,HP:0005584
PBX1,8632,PBX1,OMIM:617641,1,HP:0030037 | HP:0000089 | HP:0000122 | HP:0000083 | HP:0000086 | HP:0000085 | HP:0004719 | HP:0000110 | HP:0000076 | HP:0005564 | HP:0005563 | HP:0000104
PC,8636,PC,OMIM:266150,1,HP:0002049
PCK1,8724,PCK1,OMIM:261680,1,HP:0000799
PCK2,8725,PCK2,OMIM:261650,1,HP:0000799
PDCD6IP,8766,PDCD6IP,OMIM:620047,1,HP:0005565 | HP:0004719
PDE6D,8788,PDE6D,OMIM:615665,1,HP:0000089
PDGFRL,8805,PDGFRL,OMIM:114500,1,HP:0005584
PDSS2,23041,PDSS2,OMIM:614652,1,HP:0000100
PEX1,8850,PEX1,OMIM:214100; OMIM:601539,2,HP:0000126 | HP:0004734; HP:0000107
PEX10,8851,PEX10,OMIM:614870,1,HP:0000107
PEX12,8854,PEX12,OMIM:614859,1,HP:0000113
PEX13,8855,PEX13,OMIM:614883,1,HP:0005562 | HP:0000107
PEX19,9713,PEX19,OMIM:614886,1,HP:0000124
PEX2,9717,PEX2,OMIM:614866,1,HP:0000113 | HP:0004734 | HP:0000107
PEX3,8858,PEX3,OMIM:617370,1,HP:0000121
PEX5,9719,PEX5,OMIM:214110,1,HP:0000113
PEX6,8859,PEX6,OMIM:614862; OMIM:614863; OMIM:614863,3,HP:0000107; HP:0000070; HP:0000070
PGAM2,8889,PGAM2,OMIM:261670,1,HP:0000083
PGK1,8896,PGK1,OMIM:300653,1,HP:0000083
PGM1,8905,PGM1,OMIM:614921,1,HP:0000126
PGM3,8907,PGM3,OMIM:615816,1,HP:0000793
PHEX,8918,PHEX,OMIM:307800,1,HP:0000124
PHGDH,8923,PHGDH,OMIM:256520,1,HP:0000104
PHYH,8940,PHYH,OMIM:266500,1,HP:0012211
PI4KA,8983,PI4KA,OMIM:616531; OMIM:619708,2,HP:0010945; HP:0010946
PIDD1,16491,PIDD1,OMIM:619827,1,HP:0000787
PIEZO2,26270,PIEZO2,OMIM:248700,1,HP:0000089
PIGA,8957,PIGA,OMIM:300868,1,HP:0000081 | HP:0011129 | HP:0000076
PIGL,8966,PIGL,OMIM:280000,1,HP:0000081 | HP:0000074 | HP:0000126
PIGN,8967,PIGN,OMIM:614080,1,HP:0000126 | HP:0000110 | HP:0000076 | HP:0000073 | HP:0032464
PIGO,23215,PIGO,OMIM:614749,1,HP:0000076
PIGQ,14135,PIGQ,OMIM:618548,1,HP:0000076 | HP:0000803
PIGT,14938,PIGT,OMIM:615398,1,HP:0000121 | HP:0000072 | HP:0000071 | HP:0000107
PIGV,26031,PIGV,OMIM:239300,1,HP:0012210
PIGY,28213,PIGY,OMIM:616809,1,HP:0004742 | HP:0004719
PIK3C2A,8971,PIK3C2A,OMIM:618440,1,HP:0000104
PIK3CA,8975,PIK3CA,OMIM:114500; OMIM:602501; OMIM:612918,3,HP:0005584; HP:0002667; HP:0000089 | HP:0002667
PIK3CD,8977,PIK3CD,OMIM:613328,1,HP:0000086
PKD1,9008,PKD1,OMIM:173900,1,HP:0000083 | HP:0000113
PKD2,9009,PKD2,OMIM:613095,1,HP:0003774 | HP:0000083 | HP:0005562 | HP:0000113
PKDCC,25123,PKDCC,OMIM:618821,1,HP:0012623
PKHD1,9016,PKHD1,OMIM:263200,1,HP:0005576 | HP:0000083 | HP:0004719 | HP:0000113 | HP:0008659 | HP:0005564 | HP:0000107 | HP:0000105
PLA2G2A,9031,PLA2G2A,OMIM:114500; OMIM:114500,2,HP:0005584; HP:0005584
PLCE1,17175,PLCE1,OMIM:610725,1,HP:0003774 | HP:0000100 | HP:0000097 | HP:0001967
PLD1,9067,PLD1,OMIM:212093,1,HP:0000072 | HP:0000126
PLG,9071,PLG,OMIM:217090; OMIM:217090,2,HP:0000123 | HP:0000787; HP:0000123 | HP:0000787
PLVAP,13635,PLVAP,OMIM:618183,1,HP:0000110 | HP:0000103
PLXNA1,9099,PLXNA1,OMIM:619955,1,HP:0000076 | HP:0012583
PMM2,9115,PMM2,OMIM:212065,1,HP:0000114 | HP:0000100 | HP:0000107
POGZ,18801,POGZ,OMIM:616364,1,HP:0000081
POLRMT,9200,POLRMT,OMIM:619743; OMIM:619743,2,HP:0012625 | HP:0000114 | HP:0012408 | HP:0001994; HP:0012625 | HP:0000114 | HP:0012408 | HP:0001994
POMT1,9202,POMT1,OMIM:236670,1,HP:0000110
POR,9208,POR,OMIM:201750,1,HP:0000085
PORCN,17652,PORCN,OMIM:305600,1,HP:0000085 | HP:0000126 | HP:0030037 | HP:0000073
POT1,17284,POT1,OMIM:616568,1,HP:0009726
POU6F2,21694,POU6F2,OMIM:601583; OMIM:601583,2,HP:0002667; HP:0002667
PPFIBP1,9249,PPFIBP1,OMIM:620024,1,HP:0000122
PPP1R15B,14951,PPP1R15B,OMIM:616817,1,HP:0000089
PPP2R1A,9302,PPP2R1A,OMIM:616362,1,HP:0000122
PPP2R3C,17485,PPP2R3C,OMIM:618419,1,HP:0000122
PPP3CA,9314,PPP3CA,OMIM:618265,1,HP:0000076 | HP:0000126
PQBP1,9330,PQBP1,OMIM:309500,1,HP:0000089
PRCC,9343,PRCC,OMIM:605074,1,HP:0006766
PRDX1,9352,PRDX1,OMIM:277400,1,HP:0005575 | HP:0000083 | HP:0000112 | HP:0000790
PRIM1,9369,PRIM1,OMIM:620005,1,HP:0000089
PRKAG2,9386,PRKAG2,OMIM:261740,1,HP:0000105
PRKAR1A,9388,PRKAR1A,OMIM:101800,1,HP:0000122
PRKCD,9399,PRKCD,OMIM:615559,1,HP:0003774 | HP:0000100 | HP:0012578
PRKCSH,9411,PRKCSH,OMIM:174050,1,HP:0000107
PRMT7,25557,PRMT7,OMIM:617157,1,HP:0000089
PROKR2,15836,PROKR2,OMIM:244200,1,HP:0000122
PRPS1,9462,PRPS1,OMIM:300661; OMIM:300661,2,HP:0000083 | HP:0000791 | HP:0034368; HP:0000083 | HP:0000791 | HP:0034368
PSMC1,9547,PSMC1,OMIM:620071,1,HP:0000081
PSMD12,9557,PSMD12,OMIM:617516,1,HP:0000073
PTH,9606,PTH,OMIM:146200; OMIM:146200,2,HP:0000121; HP:0000121
PTH1R,9608,PTH1R,OMIM:156400,1,HP:0000121
PTPN11,9644,PTPN11,OMIM:151100,1,HP:0000122
PTPN12,9645,PTPN12,OMIM:114500,1,HP:0005584
PTPN22,9652,PTPN22,OMIM:152700; OMIM:222100,2,HP:0033726 | HP:0000123; HP:0000103
PTPRJ,9673,PTPRJ,OMIM:114500,1,HP:0005584
PTPRO,9678,PTPRO,OMIM:614196,1,HP:0003774 | HP:0000100 | HP:0005576 | HP:0000097 | HP:0012579
PUF60,17042,PUF60,OMIM:615583,1,HP:0000089 | HP:0000107 | HP:0000104
RAB23,14263,RAB23,OMIM:201000,1,HP:0000126 | HP:0000072
RAD21,9811,RAD21,OMIM:611376,1,HP:0000076 | HP:0000089
RAD51C,9820,RAD51C,OMIM:613390,1,HP:0003774 | HP:0000107 | HP:0000126
RAD54B,17228,RAD54B,OMIM:114500,1,HP:0005584
RAI1,9834,RAI1,OMIM:182290; OMIM:182290,2,HP:0012210; HP:0012210
RALGAPA1,17770,RALGAPA1,OMIM:618797,1,HP:0000076
RBBP8,9891,RBBP8,OMIM:606744,1,HP:0000086
RBCK1,15864,RBCK1,OMIM:615895,1,HP:0000076
RBM10,9896,RBM10,OMIM:311900,1,HP:0000085 | HP:0000126
RBM8A,9905,RBM8A,OMIM:274000,1,HP:0000085 | HP:0004717 | HP:0004712 | HP:0010946 | HP:0000076 | HP:0000073
RECQL4,9949,RECQL4,OMIM:218600,1,HP:0000077
REN,9958,REN,OMIM:267430; OMIM:613092,2,HP:0008660 | HP:0100519; HP:0000089 | HP:0005576 | HP:0000097 | HP:0004719 | HP:0000092 | HP:0012622
RERE,9965,RERE,OMIM:616975,1,HP:0000076 | HP:0000107
REST,9966,REST,OMIM:616806,1,HP:0002667
RET,9967,RET,OMIM:171300,1,HP:0001920
RFWD3,25539,RFWD3,OMIM:617784,1,HP:0000089
RIPK4,496,RIPK4,OMIM:263650,1,HP:0000086
RMND1,21176,RMND1,OMIM:614922,1,HP:0000089 | HP:0000083 | HP:0001947 | HP:0000110 | HP:0000107
RNF139,17023,RNF139,OMIM:144700,1,HP:0005584
RNU4ATAC,34016,RNU4ATAC,OMIM:210710,1,HP:0000089 | HP:0000113 | HP:0000107
RNU7-1,34033,RNU7-1,OMIM:619487,1,HP:0000083 | HP:0004719 | HP:0000096 | HP:0004722 | HP:0003774
ROBO2,10250,ROBO2,OMIM:610878,1,HP:0000076 | HP:0000089
ROR2,10257,ROR2,OMIM:268310,1,HP:0000121 | HP:0000126 | HP:0000075 | HP:0000787
RORA,10258,RORA,OMIM:618060,1,HP:0000126
RPGRIP1L,29168,RPGRIP1L,OMIM:611560; OMIM:611561; OMIM:619113,3,HP:0003774 | HP:0000090 | HP:0000107; HP:0000107; HP:0032945 | HP:0003774 | HP:0032948 | HP:0000083 | HP:0000090 | HP:0000092
RPL11,10301,RPL11,OMIM:612562,1,HP:0000085 | HP:0000076
RPL26,10327,RPL26,OMIM:614900,1,HP:0000104
RPS19,10402,RPS19,OMIM:105650,1,HP:0000089
RPS26,10414,RPS26,OMIM:613309,1,HP:0000086 | HP:0000075
RRM2B,17296,RRM2B,OMIM:268315; OMIM:612075; OMIM:612075,3,HP:0003774 | HP:0001994; HP:0000114; HP:0000114
SALL1,10524,SALL1,OMIM:107480; OMIM:107480,2,HP:0000089 | HP:0000083 | HP:0000003 | HP:0000110 | HP:0000076; HP:0000089 | HP:0000083 | HP:0000003 | HP:0000110 | HP:0000076
SALL4,15924,SALL4,OMIM:607323,1,HP:0000089 | HP:0000085 | HP:0004712 | HP:0000126 | HP:0004736 | HP:0000076 | HP:0000104
SARS2,17697,SARS2,OMIM:613845,1,HP:0012622 | HP:0004719 | HP:0000103
SBDS,19440,SBDS,OMIM:260400,1,HP:0000121
SC5D,10547,SC5D,OMIM:607330,1,HP:0000085
SCARB2,1665,SCARB2,OMIM:254900,1,HP:0000100 | HP:0000083 | HP:0100820 | HP:0000112 | HP:0000097
SCARF2,19869,SCARF2,OMIM:600920,1,HP:0010946
SCNN1B,10600,SCNN1B,OMIM:177200,1,HP:0000083
SDCCAG8,10671,SDCCAG8,OMIM:613615; OMIM:615993,2,HP:0000090; HP:0000110 | HP:0003774 | HP:0000083 | HP:0000107 | HP:0000104
SDHB,10681,SDHB,OMIM:115310; OMIM:171300,2,HP:0005584; HP:0001920
SDHD,10683,SDHD,OMIM:171300,1,HP:0001920
SEC61A1,18276,SEC61A1,OMIM:617056,1,HP:0000112 | HP:0000097 | HP:0012622 | HP:0000107
SERPINH1,1546,SERPINH1,OMIM:613848,1,HP:0000787
SETBP1,15573,SETBP1,OMIM:269150,1,HP:0000126 | HP:0000072 | HP:0000071
SF3B2,10769,SF3B2,OMIM:164210,1,HP:0000086 | HP:0000003 | HP:0000076 | HP:0000074 | HP:0000104
SF3B4,10771,SF3B4,OMIM:154400,1,HP:0000122
SGPL1,10817,SGPL1,OMIM:617575,1,HP:0003774 | HP:0000100 | HP:0031266 | HP:0012588 | HP:0012574 | HP:0001967 | HP:0000097
SHANK3,14294,SHANK3,OMIM:606232,1,HP:0000113 | HP:0000077 | HP:0000076
SHH,10848,SHH,OMIM:142945,1,HP:0000126
SHOC2,15454,SHOC2,OMIM:607721,1,HP:0000081
SI,10856,SI,OMIM:222900,1,HP:0000787
SIX1,10887,SIX1,OMIM:605192,1,HP:0000076
SIX5,10891,SIX5,OMIM:610896,1,HP:0000110 | HP:0000083
SKIC3,23639,SKIC3,OMIM:222470,1,HP:0004734
SLC12A1,10910,SLC12A1,OMIM:601678,1,HP:0000121 | HP:0000111 | HP:0000103
SLC12A3,10912,SLC12A3,OMIM:263800,1,HP:0000103
SLC17A5,10933,SLC17A5,OMIM:269920,1,HP:0000100
SLC1A1,10939,SLC1A1,OMIM:222730,1,HP:0000787
SLC1A2,10940,SLC1A2,OMIM:617105,1,HP:0000121
SLC22A12,17989,SLC22A12,OMIM:220150,1,HP:0000791 | HP:0034368 | HP:0100520 | HP:0001919 | HP:0008682 | HP:0033132
SLC26A1,10993,SLC26A1,OMIM:167030,1,HP:0001919 | HP:0008672 | HP:0000074
SLC2A2,11006,SLC2A2,OMIM:227810,1,HP:0000124
SLC2A9,13446,SLC2A9,OMIM:612076; OMIM:612076; OMIM:612076; OMIM:612076,4,HP:0000787; HP:0000787; HP:0000787; HP:0000787
SLC30A9,1329,SLC30A9,OMIM:617595,1,HP:0000089 | HP:0001970 | HP:0000083 | HP:0012625 | HP:0004719
SLC34A1,11019,SLC34A1,OMIM:612286; OMIM:613388; OMIM:616963,3,HP:0000787; HP:0000083 | HP:0012213 | HP:0000114; HP:0000121 | HP:0012408 | HP:0000103
SLC34A3,20305,SLC34A3,OMIM:241530,1,HP:0004724 | HP:0000124
SLC35A2,11022,SLC35A2,OMIM:300896; OMIM:300896,2,HP:0000074; HP:0000074
SLC36A2,18762,SLC36A2,OMIM:138500,1,HP:0008672
SLC37A4,4061,SLC37A4,OMIM:232220; OMIM:232240; OMIM:619525,3,HP:0000097 | HP:0012213 | HP:0000105 | HP:0000787; HP:0000083 | HP:0000097 | HP:0000790 | HP:0012213; HP:0002907 | HP:0000793
SLC3A1,11025,SLC3A1,OMIM:220100; OMIM:220100,2,HP:0000083 | HP:0000787; HP:0000083 | HP:0000787
SLC41A1,19429,SLC41A1,OMIM:619468,1,HP:0032417 | HP:0003774 | HP:0000083 | HP:0032622 | HP:0000103
SLC4A1,11027,SLC4A1,OMIM:179800; OMIM:611590,2,HP:0000121 | HP:0008341 | HP:0031033 | HP:0000787; HP:0000121 | HP:0030036 | HP:0008341
SLC4A4,11030,SLC4A4,OMIM:604278,1,HP:4000010 | HP:0002049 | HP:0004910
SLC5A2,11037,SLC5A2,OMIM:233100; OMIM:233100,2,HP:0000103; HP:0000103
SLC7A7,11065,SLC7A7,OMIM:222700,1,HP:0003774
SLC7A9,11067,SLC7A9,OMIM:220100; OMIM:220100,2,HP:0000083 | HP:0000787; HP:0000083 | HP:0000787
SLX4,23845,SLX4,OMIM:613951,1,HP:0000085 | HP:0000125
SMARCA4,11100,SMARCA4,OMIM:613325,1,HP:0034402
SMARCAL1,11102,SMARCAL1,OMIM:242900,1,HP:0000083 | HP:0000097 | HP:0003774 | HP:0000100
SMC3,2468,SMC3,OMIM:610759,1,HP:0000072
SMO,11119,SMO,OMIM:241800,1,HP:0000110
SNRPB,11153,SNRPB,OMIM:117650,1,HP:0000086 | HP:0000085 | HP:0000107
SOCS1,19383,SOCS1,OMIM:619375,1,HP:0000099
SON,11183,SON,OMIM:617140,1,HP:0000122 | HP:0000085 | HP:0000103
SOS1,11187,SOS1,OMIM:610733,1,HP:0000073 | HP:0000126
SOS2,11188,SOS2,OMIM:616559,1,HP:0000072
SOX11,11191,SOX11,OMIM:615866,1,HP:0004712
SOX17,18122,SOX17,OMIM:613674,1,HP:0012572 | HP:0033737 | HP:0000072 | HP:0000074 | HP:0033741 | HP:0000126
SOX18,11194,SOX18,OMIM:137940,1,HP:0000083 | HP:0012622 | HP:0000793 | HP:0000095
SOX9,11204,SOX9,OMIM:114290; OMIM:114290; OMIM:114290,3,HP:0000126; HP:0000126; HP:0000126
SPINT2,11247,SPINT2,OMIM:270420,1,HP:0000073
SPOP,11254,SPOP,OMIM:618828; OMIM:618829,2,HP:0000076; HP:0000003
SPRY2,11270,SPRY2,OMIM:616818,1,HP:0003774 | HP:0012574 | HP:0000794 | HP:0000790
SPTBN1,11275,SPTBN1,OMIM:619475,1,HP:0000790
SRC,11283,SRC,OMIM:114500,1,HP:0005584
SRCAP,16974,SRCAP,OMIM:136140,1,HP:0000121 | HP:0000126
SREBF1,11289,SREBF1,OMIM:158310,1,HP:0000790
STAMBP,16950,STAMBP,OMIM:614261,1,HP:0000076
STAT2,11363,STAT2,OMIM:618886,1,HP:0001919
STIM1,11386,STIM1,OMIM:185070,1,HP:0000790
STK11,11389,STK11,OMIM:175200,1,HP:0000069
STRA6,30650,STRA6,OMIM:601186; OMIM:601186,2,HP:0000089 | HP:0000085 | HP:0004712 | HP:0000125 | HP:0000126; HP:0000089 | HP:0000085 | HP:0004712 | HP:0000125 | HP:0000126
STRADA,30172,STRADA,OMIM:611087,1,HP:0000121
SURF1,11474,SURF1,OMIM:220110,1,HP:0000124 | HP:0001994
TAOK1,29259,TAOK1,OMIM:619575,1,HP:0001947
TAPT1,26887,TAPT1,OMIM:616897,1,HP:0000126
TASP1,15859,TASP1,OMIM:618950,1,HP:0000126
TBC1D24,29203,TBC1D24,OMIM:220500,1,HP:0000800 | HP:0000104
TBC1D7,21066,TBC1D7,OMIM:248000,1,HP:0008672
TBC1D8B,24715,TBC1D8B,OMIM:301028,1,HP:0003774 | HP:0000097 | HP:0012588
TBCK,28261,TBCK,OMIM:616900,1,HP:0010945
TBX1,11592,TBX1,OMIM:188400,1,HP:0000122 | HP:0000083 | HP:0000126 | HP:0000110
TBX15,11594,TBX15,OMIM:260660,1,HP:0000126
TBX18,11595,TBX18,OMIM:143400,1,HP:0000110 | HP:0000089 | HP:0000083 | HP:0000072 | HP:0000074 | HP:0004719 | HP:0008676 | HP:0000126
TCTN2,25774,TCTN2,OMIM:613885,1,HP:0004719 | HP:0000113 | HP:0000105
TCTN3,24519,TCTN3,OMIM:614815,1,HP:0000085 | HP:0000107
TFAP2A,11742,TFAP2A,OMIM:113620,1,HP:0000107 | HP:0000104
TFE3,11752,TFE3,OMIM:300854,1,HP:0005584
THBD,11784,THBD,OMIM:612926,1,HP:0005575 | HP:0000790 | HP:0001919 | HP:0100519
THOC6,28369,THOC6,OMIM:613680,1,HP:0000122 | HP:0000085
TLR2,11848,TLR2,OMIM:114500; OMIM:114500,2,HP:0005584; HP:0005584
TMCO1,18188,TMCO1,OMIM:213980,1,HP:0000122
TMEM107,28128,TMEM107,OMIM:617562; OMIM:617562,2,HP:0000113; HP:0000113
TMEM126B,30883,TMEM126B,OMIM:618250,1,HP:0003774
TMEM127,26038,TMEM127,OMIM:171300,1,HP:0001920
TMEM138,26944,TMEM138,OMIM:614465,1,HP:0000107 | HP:0000090
TMEM165,30760,TMEM165,OMIM:614727,1,HP:0005575
TMEM216,25018,TMEM216,OMIM:603194; OMIM:608091,2,HP:0000107; HP:0000083 | HP:0000090 | HP:0000107
TMEM218,27344,TMEM218,OMIM:619562,1,HP:0000113
TMEM231,37234,TMEM231,OMIM:614970; OMIM:615397,2,HP:0000107; HP:0000113
TMEM237,14432,TMEM237,OMIM:614424,1,HP:0000107
TMEM260,20185,TMEM260,OMIM:617478,1,HP:0000083 | HP:0000107
TMEM67,28396,TMEM67,OMIM:216360; OMIM:602152; OMIM:607361; OMIM:610688; OMIM:613550; OMIM:615991,6,HP:0003774 | HP:0000122 | HP:0008659 | HP:0000090 | HP:0000107; HP:0000083 | HP:0012622 | HP:0000090; HP:0000003; HP:0003774 | HP:0000090; HP:0003774 | HP:0005583 | HP:0000090 | HP:0000092 | HP:0000108 | HP:0000103; HP:0000083
TNXB,11976,TNXB,OMIM:606408; OMIM:615963,2,HP:0000076 | HP:0000122; HP:0000076 | HP:0000081
TOGARAM1,19959,TOGARAM1,OMIM:619185,1,HP:0000126
TOR1A,3098,TOR1A,OMIM:618947,1,HP:0012408
TP53,11998,TP53,OMIM:114500; OMIM:114500; OMIM:151623,3,HP:0005584; HP:0005584; HP:0002667
TP53RK,16197,TP53RK,OMIM:617730,1,HP:0003774 | HP:0000100 | HP:0008677 | HP:0001967 | HP:0000097
TP63,15979,TP63,OMIM:604292,1,HP:0000081 | HP:0000126 | HP:0000110 | HP:0000076 | HP:0000072 | HP:0000070 | HP:0000104
TPRKB,24259,TPRKB,OMIM:617731,1,HP:0003774 | HP:0000097 | HP:0012588
TRAF3IP1,17861,TRAF3IP1,OMIM:616629,1,HP:0003774 | HP:0001970 | HP:0000090
TREX1,12269,TREX1,OMIM:152700; OMIM:192315,2,HP:0033726 | HP:0000123; HP:0000790
TRIM32,16380,TRIM32,OMIM:615988,1,HP:0000077
TRIM37,7523,TRIM37,OMIM:253250,1,HP:0002667
TRIM8,15579,TRIM8,OMIM:619428,1,HP:0000100 | HP:0000099 | HP:0000096
TRIP11,12305,TRIP11,OMIM:184260,1,HP:0000113 | HP:0000090
TRIP13,12307,TRIP13,OMIM:617598,1,HP:0000085 | HP:0002667
TRMT5,23141,TRMT5,OMIM:616539,1,HP:0000124
TRNT1,17341,TRNT1,OMIM:616084,1,HP:0000121
TRPC6,12338,TRPC6,OMIM:603965,1,HP:0003774 | HP:0000100 | HP:0000097 | HP:0012622
TRPV6,14006,TRPV6,OMIM:618188,1,HP:0000122 | HP:0000105
TRRAP,12347,TRRAP,OMIM:618454,1,HP:0000089 | HP:0000126 | HP:0000076 | HP:0000107
TSC1,12362,TSC1,OMIM:191100,1,HP:0006772 | HP:0005584 | HP:0000107
TSC2,12363,TSC2,OMIM:613254,1,HP:0006772 | HP:0005564 | HP:0005584 | HP:0000107
TTC21B,25660,TTC21B,OMIM:613819; OMIM:613820; OMIM:613820,3,HP:0003774; HP:0003774 | HP:0000090; HP:0003774 | HP:0000090
TTC8,20087,TTC8,OMIM:613464; OMIM:615985,2,HP:0000077; HP:0000110
TULP3,12425,TULP3,OMIM:619902,1,HP:0005565 | HP:0032948 | HP:0032622 | HP:0004719 | HP:0000107 | HP:0000105
TXNDC15,20652,TXNDC15,OMIM:619879,1,HP:0000113
TXNL4A,30551,TXNL4A,OMIM:608572,1,HP:0000089 | HP:0000122
UBA2,30661,UBA2,OMIM:619959,1,HP:0000085
UBE2A,12472,UBE2A,OMIM:300860,1,HP:0000085
UBR1,16808,UBR1,OMIM:243800,1,HP:0000126
UFC1,26941,UFC1,OMIM:618076,1,HP:0000076
UMOD,12559,UMOD,OMIM:162000,1,HP:0000112 | HP:0000123 | HP:0000083 | HP:0000092 | HP:0012213
UMPS,12563,UMPS,OMIM:258900,1,HP:0000790
UNC45A,30594,UNC45A,OMIM:619377,1,HP:0033736
UQCC2,21237,UQCC2,OMIM:615824,1,HP:0002049
USP18,12616,USP18,OMIM:617397,1,HP:0005932
USP8,12631,USP8,OMIM:219090,1,HP:0000787
USP9X,12632,USP9X,OMIM:300919; OMIM:300968,2,HP:0000086; HP:0000126 | HP:0000110
VHL,12687,VHL,OMIM:144700; OMIM:171300; OMIM:193300,3,HP:0005584; HP:0001920; HP:0005584 | HP:0005562
VIPAS39,20347,VIPAS39,OMIM:613404,1,HP:0000121 | HP:0001947 | HP:0000112
VPS33A,18179,VPS33A,OMIM:617303,1,HP:0000123 | HP:0000097 | HP:0000092 | HP:0000100 | HP:0000105
VPS33B,12712,VPS33B,OMIM:208085,1,HP:0000121 | HP:0001947 | HP:0000112 | HP:0005565 | HP:0000092
VPS45,14579,VPS45,OMIM:615285,1,HP:0000105
WAS,12731,WAS,OMIM:301000,1,HP:0000112
WASHC5,28984,WASHC5,OMIM:220210,1,HP:0000126
WBP11,16461,WBP11,OMIM:619227,1,HP:0000122 | HP:0000104
WDR19,18340,WDR19,OMIM:614376; OMIM:614377; OMIM:614378; OMIM:616307,4,HP:0004743 | HP:0003774 | HP:0000089 | HP:0000099; HP:0003774 | HP:0000089 | HP:0032948 | HP:0000096 | HP:0000090 | HP:0033601 | HP:0033867 | HP:0004737; HP:0003774; HP:0003774 | HP:0000090 | HP:0033601 | HP:0004737
WDR35,29250,WDR35,OMIM:613610; OMIM:614091,2,HP:0000083 | HP:0000107; HP:0000089 | HP:0000113 | HP:0000107
WDR4,12756,WDR4,OMIM:618347,1,HP:0000100 | HP:0000097
WDR73,25928,WDR73,OMIM:251300,1,HP:0000083 | HP:0001967 | HP:0000097 | HP:0000100
WFS1,12762,WFS1,OMIM:222300,1,HP:0000072 | HP:0000126
WLS,30238,WLS,OMIM:619648,1,HP:0000126 | HP:0000104
WNT3,12782,WNT3,OMIM:273395,1,HP:0000104
WNT4,12783,WNT4,OMIM:158330; OMIM:611812,2,HP:0000122; HP:0000104
WNT5A,12784,WNT5A,OMIM:180700,1,HP:0000126 | HP:0000075
WT1,12796,WT1,OMIM:136680; OMIM:136680; OMIM:194070; OMIM:194070; OMIM:194080; OMIM:194080; OMIM:256370; OMIM:608978,8,HP:0003774 | HP:0000100 | HP:0000097; HP:0003774 | HP:0000100 | HP:0000097; HP:0002667; HP:0002667; HP:0003774 | HP:0000100 | HP:0001967 | HP:0000112 | HP:0000097 | HP:0002667 | HP:0000105; HP:0003774 | HP:0000100 | HP:0001967 | HP:0000112 | HP:0000097 | HP:0002667 | HP:0000105; HP:0000100 | HP:0000083 | HP:0000097 | HP:0001967 | HP:0002667; HP:0000085 | HP:0000105
XDH,12805,XDH,OMIM:278300,1,HP:0012330 | HP:0000804 | HP:0000126
XPNPEP3,28052,XPNPEP3,OMIM:613159,1,HP:0003774 | HP:0005583 | HP:0000090 | HP:0000092 | HP:0004719 | HP:0000108
XRCC2,12829,XRCC2,OMIM:617247,1,HP:0000086
XRCC4,12831,XRCC4,OMIM:616541,1,HP:0000089 | HP:0000122 | HP:0000086
XYLT1,15516,XYLT1,OMIM:264800,1,HP:0100817
XYLT2,15517,XYLT2,OMIM:264800,1,HP:0100817
YAP1,16262,YAP1,OMIM:120433,1,HP:0000790
YRDC,28905,YRDC,OMIM:619609,1,HP:0003774 | HP:0031266 | HP:0001967
YY1,12856,YY1,OMIM:617557,1,HP:0000126 | HP:0000074
YY1AP1,30935,YY1AP1,OMIM:602531,1,HP:0100817 | HP:0001920
ZAP70,12858,ZAP70,OMIM:617006,1,HP:0000100 | HP:0031266 | HP:0012579
ZBTB18,13030,ZBTB18,OMIM:612337,1,HP:0010945
ZEB2,14881,ZEB2,OMIM:235730,1,HP:0000077
ZIC3,12874,ZIC3,OMIM:306955; OMIM:306955; OMIM:314390,3,HP:0000085 | HP:0000105 | HP:0000104; HP:0000085 | HP:0000105 | HP:0000104; HP:0000105 | HP:0000126
ZMIZ1,16493,ZMIZ1,OMIM:618659,1,HP:0012585 | HP:0000076
ZMPSTE24,12877,ZMPSTE24,OMIM:275210; OMIM:608612,2,HP:0000073; HP:0003774
ZMYM2,12989,ZMYM2,OMIM:619522,1,HP:0033737 | HP:0000125 | HP:0000126 | HP:0000074 | HP:0000104
ZNF148,12933,ZNF148,OMIM:617260,1,HP:0000110 | HP:0000107
ZNF423,16762,ZNF423,OMIM:614844; OMIM:614844; OMIM:614844; OMIM:614844,4,HP:0000090 | HP:0000113; HP:0000090 | HP:0000113; HP:0000090 | HP:0000113; HP:0000090 | HP:0000113
ZNF687,29277,ZNF687,OMIM:616833,1,HP:0000121
ZNF699,24750,ZNF699,OMIM:619488,1,HP:0000089 | HP:0012622 | HP:0012584 | HP:0012582 | HP:0100957 | HP:0011035
ZNFX1,29271,ZNFX1,OMIM:619644,1,HP:0000100 | HP:0005575 | HP:0000083 | HP:0000793
ZPR1,13051,ZPR1,OMIM:619321,1,HP:0000089
